63.0,neutral,eu,3.952074059758619,-19.48620784914078,Sodales "vivamus" in, risus molestie, egestas in.,0
28.0,neutral,sa,3.5295183836057595,51.284180040232215,Pellentesque arcu sed.,1
37.0,high,sa,4.254526317975149,97.34526006557826,Neque odio, in nulla, lorem nec.,0
42.0,high,sa,4.924077485580787,80.24260604790156,Lorem non pretium.,0
56.0,high,af,6.436250132712625,42.78962533750958,Sem dictum dolor.,0
40.0,neutral,af,4.576757605316351,-1.0876572412988317,Neque condimentum.,1
69.0,neutral,eu,5.365851342999525,-15.770934329395772,Nisl fames ipsum, amet laoreet.,0
44.0,high,sa,2.912293368604344,73.85944600120466,Arcu quisque, vitae turpis integer, fusce luctus.,1
63.0,neutral,eu,4.376757476733249,3.9510213482794034,Feugiat diam, at ipsum.,0
56.0,neutral,eu,3.461138913269333,-46.426105926443086,Metus elit.,1
24.0,high,na,3.861417974738819,148.44522111938483,Eget aenean.,0
35.0,neutral,sa,5.610203880053988,78.59051090606097,Eu pede varius, possimus pede nascetur, pretium placerat.,0
60.0,very high,af,7.576350717780428,131.34280885641644,Proin faucibus.,0
71.0,high,eu,6.8562258376513725,17.844087225345955,Et mus.,0
44.0,low,af,5.278456421012903,-91.44151880763057,Erat sed in, eros vivamus, ligula phasellus.,0
37.0,high,sa,1.3363861907614996,88.09243778034072,Integer suscipit, sit in.,1
63.0,high,af,5.935485380788902,22.992103502363804,Magna inventore, arcu eleifend id.,0
39.0,neutral,af,4.235207748082594,-13.066757801437436,Lacinia primis nunc, mattis nec sed.,0
32.0,neutral,sa,2.8413669645667072,35.073692540532846,Eleifend tellus semper, mauris justo.,1
16.0,neutral,na,1.5552592602388224,83.04787895321869,Lorem cras vel.,1
17.0,neutral,na,3.5605520299733904,109.98374604558722,Vitae velit lorem, curabitur fusce, dolor nullam.,0
74.0,neutral,eu,2.8567703870693144,-50.84473719347156,Et dictum rhoncus, est ac, suscipit penatibus.,0
54.0,low,af,5.525015478648284,-59.185815810971675,Tincidunt at, semper eros, eget in.,0
62.0,high,af,6.738647031088708,87.02901464866747,Tincidunt ac dolor.,0
48.0,neutral,af,5.048875396609468,42.088946021729626,Velit nullam mi, velit convallis scelerisque, donec etiam libero.,0
52.0,high,af,1.529391294799339,80.3267930856986,Congue sapien.,1
49.0,neutral,af,4.5159023727467105,-32.872806131457864,Pellentesque risus.,0
50.0,neutral,af,2.79792171847562,6.3377534074390365,Eu rutrum non.,1
64.0,neutral,eu,5.022591260838716,-69.13612412007231,Eu vel arcu, metus orci.,0
65.0,neutral,eu,4.600653432817321,-30.842398281466156,Senectus lobortis in, mi orci, ut tellus.,0
45.0,neutral,af,5.353984738956319,31.89486438034643,In quam, nunc varius.,0
33.0,high,sa,4.32691269718294,105.9014801213348,Quis hymenaeos non.,0
39.0,high,sa,4.867489267553762,104.78092710414718,Pede sed mauris, dictum vel.,0
38.0,high,sa,1.3760590287583137,82.34658362674756,Dictumst dignissim massa, faucibus a turpis, pharetra accumsan viverra.,1
66.0,neutral,eu,4.42934480360193,-49.41540166615195,Cras faucibus.,0
74.0,neutral,eu,4.5632679259999325,-66.5132005805684,Vel sollicitudin sem.,0
83.0,low,aus,3.242403806768289,-145.2075552119249,Bibendum enim eget.,0
93.0,neutral,aus,3.764376817940057,-95.34965614090302,Praesent bibendum, dapibus tortor, facilisi placerat erat.,0
20.0,neutral,na,1.0022680447490817,85.22049488637688,Cursus pellentesque, recusandae amet.,1
22.0,neutral,sa,2.822025877042856,42.962448400760834,Dui volutpat suspendisse.,0
13.0,neutral,na,2.9889225589406023,79.32407333807521,Erat tincidunt nunc, mauris lectus, nullam ea.,1
75.0,neutral,eu,5.38528582066476,-77.0923812584585,Id gravida sed, class nisl dui.,0
60.0,neutral,eu,5.741956545028469,-41.541792475703545,Curabitur purus tellus, mauris id, erat platea eu.,0
50.0,neutral,af,4.55950451696352,-21.14962872399922,Dolor erat rhoncus.,0
51.0,very high,sa,5.7468455536204495,130.11188539438908,Praesent eget montes.,0
57.0,very low,eu,5.0827513792067665,-147.2466569509142,Nulla proin.,0
10.0,neutral,na,2.690973940336582,104.28100333551684,Erat suspendisse ultricies, ac tempus.,0
30.0,neutral,sa,4.256989513994364,74.81737290638593,Mollis ut, nunc fusce cras, molestie dictum donec.,1
40.0,neutral,af,1.8364647049568168,5.975916101253974,Dolor duis elit, amet faucibus enim, in justo.,1
48.0,high,af,4.717615357507251,60.28501620105071,Est id eros.,0
50.0,low,af,5.101752912551172,-45.963183984101036,Pellentesque tempor erat, rutrum interdum vehicula.,0
67.0,neutral,eu,4.112300059669904,-63.36435626019342,Id eget sed, bibendum cum.,0
74.0,low,aus,4.15203498476168,-127.3575264824985,Metus vestibulum, integer pulvinar.,0
52.0,high,af,3.2929951588890143,46.928234234346746,Gravida eu morbi, ante sit nam.,0
43.0,high,sa,5.24372436445224,107.55388643446155,Augue suspendisse, cum amet eros, vestibulum vitae.,0
71.0,neutral,eu,4.421367029647603,-84.49166157922944,Pretium velit id, nulla vulputate, maecenas laoreet nibh.,0
48.0,very high,sa,5.488118698234283,132.14048703014424,Sit massa, lacus neque enim, felis sapien at.,0
15.0,neutral,na,1.5101713275156312,83.54439706564222,Enim varius consequat.,1
30.0,low,sa,2.8837240997464613,-4.996718020639037,Conubia luctus sapien, ante praesent orci.,1
36.0,high,sa,2.102947953867195,86.10966698073736,Sit pede.,1
27.0,high,na,3.493891012152437,117.10687755520301,A rhoncus, neque mauris.,0
41.0,low,af,3.0291372242502668,-61.55861214264742,Euismod volutpat in.,0
39.0,neutral,sa,3.6353701549823274,63.26581805037638,Ut proin torquent, curabitur vestibulum eget.,1
74.0,neutral,eu,3.9786764873113856,-68.29857335764741,Massa amet et, ut ultricies id, tristique quis.,0
27.0,neutral,sa,2.252101300143208,82.20817771027544,Vulputate ac, cras est.,1
41.0,high,sa,1.803971921069437,87.96353950054356,Eros hac.,1
26.0,neutral,sa,2.824170776983593,42.31061750344817,A interdum tortor, est magna semper, enim neque.,1
36.0,low,af,3.9663588784376422,-38.48751756061472,Elit in, eget sed.,1
24.0,neutral,sa,2.3951167678893435,41.13697305727672,In vivamus, adipiscing sem ante.,0
36.0,low,sa,5.350741694794365,-15.741474833772113,Id eros nonummy, aliquam dui laborum.,0
40.0,high,sa,3.2872277429470964,69.68868394307357,Nonummy cras, ac leo.,1
63.0,neutral,eu,4.336235131850499,-67.04312549000784,Ac libero ullamcorper.,0
31.0,low,sa,6.003974345088426,-19.39035921742981,Orci neque.,0
64.0,high,af,6.265920604482734,49.294206903892075,Sed consequat mauris, dolor urna faucibus.,0
34.0,neutral,sa,3.3858012850862753,41.75244745161848,Lacinia id malesuada, consequat eget pellentesque, quis a.,0
50.0,neutral,af,5.3631911334259765,22.880092761330456,Egestas tortor nulla, adipiscing amet.,0
42.0,low,af,3.4009830424303518,-42.585058417164745,Non erat.,1
39.0,low,af,3.6160965521634596,-54.30875168755095,Sed vivamus lobortis, porttitor wisi, justo mauris vel.,1
46.0,very low,af,5.935010656963055,-140.14048321378294,Eget tempus, felis quam.,0
32.0,neutral,sa,4.799619079733496,54.401208386083454,Viverra in.,1
79.0,high,eu,6.8570935753864655,35.402607416369804,Erat velit.,0
59.0,neutral,af,4.892145619648987,9.834049881622647,Nulla mi vitae, aliquam integer a, sed integer.,0
22.0,neutral,sa,1.133048224718109,34.919282313310994,Suspendisse bibendum et, est est at, tempor ut.,1
70.0,low,eu,4.087422412662276,-105.5848882745641,Bibendum vel nibh, qui convallis.,0
55.0,high,af,5.094696757971756,28.56089965181711,Varius ullamcorper.,0
26.0,low,sa,6.861330296149864,-10.461199339025507,Risus donec.,0
32.0,neutral,sa,2.1736986273475285,81.49334284573959,Lorem lorem risus, commodo lectus eget.,1
52.0,neutral,af,5.039406737089752,-34.76714905484515,Libero ut nibh.,0
54.0,neutral,af,5.9170317150608955,12.198615074930277,Vitae dolor aliquam, aliquip officia faucibus.,0
48.0,neutral,af,4.7118304877037795,-33.44068548329635,Et nisl diam, posuere natoque proin, amet ligula non.,0
55.0,low,eu,4.826740217580502,-56.973489810638654,Interdum libero, odio nullam, ante sagittis.,0
59.0,neutral,eu,4.329158820809967,-47.20807482123729,Dui velit, arcu faucibus torquent, eget molestie nullam.,0
45.0,high,af,2.668210528360575,58.371780408412164,Turpis lobortis odio.,1
63.0,low,eu,4.457658137196383,-136.08685936285414,At vel luctus, habitasse dapibus, mauris mollis.,0
58.0,high,af,5.911449672666708,29.267539233479813,Tempus duis felis, luctus ligula earum, purus mattis.,0
35.0,low,af,4.1430952938892105,-29.247515339456154,Leo dolor felis, neque nec sollicitudin, tristique sit.,1
49.0,neutral,af,3.740005361459181,23.080167984132622,Wisi tristique nibh.,0
63.0,high,af,6.368552994893724,24.36366534868457,Pharetra consectetuer.,0
71.0,low,aus,3.768766408381375,-132.45605081006758,Laoreet quam diam, a eleifend velit.,0
55.0,neutral,af,4.856336208796686,-14.634571718595573,Tellus mauris quam.,0
64.0,high,eu,4.976603280544122,19.253369339752975,Fringilla vehicula, egestas arcu.,0
59.0,high,af,2.3663753975679747,48.25216204600919,Dolor gravida amet, sit blandit mauris, vel et eu.,1
84.0,low,aus,4.212612294375043,-150.6897690503381,Suspendisse tortor.,0
86.0,low,aus,4.055790310997843,-146.69091010881138,Enim est consequat, sapien viverra, elementum erat.,0
76.0,very high,eu,6.748400719215384,74.44692596220371,In sit.,0
58.0,neutral,eu,3.9230018740770025,-29.926042347512418,Sagittis eu mattis.,0
36.0,high,sa,6.243586427772714,94.66442346791092,Nulla libero, risus urna ut.,0
50.0,neutral,af,4.468315237833575,0.663102540579406,Primis lacinia malesuada.,0
63.0,neutral,eu,5.777130940883555,-17.119756522892807,Accumsan aenean, amet phasellus.,0
37.0,high,sa,4.919877467304077,83.08641040990764,Nam turpis euismod, massa auctor lacinia, etiam mauris.,0
25.0,low,sa,2.9516332367469715,16.2659158426474,Feugiat maecenas curabitur, at et velit.,1
55.0,high,af,4.801687966741852,68.52956426857934,Purus purus mattis, vitae et, nec at.,0
30.0,neutral,sa,5.029800076873809,68.49413965401088,Aliquam sit sagittis, odio ullamcorper, nibh metus tortor.,0
53.0,high,af,2.4743461747385185,70.57968899432608,Elit risus.,1
58.0,high,af,7.091012089544755,92.41456824040792,Ante bibendum phasellus.,0
64.0,low,eu,3.4061919130196667,-79.90127450826311,Id nam, donec metus donec.,0
75.0,low,aus,4.705215360549186,-129.82789347693432,Arcu consequat.,0
24.0,neutral,sa,7.675843988647332,40.86665081386704,Facilisis sed felis.,1
50.0,very high,sa,6.176332209944505,142.41735720757492,Tortor lorem.,0
11.0,neutral,na,3.0199763900378125,94.00364590391304,Magna nascetur nisl, varius condimentum nonummy.,0
26.0,neutral,sa,2.5011796978758394,39.159502774238604,Elit faucibus consectetuer.,1
50.0,high,af,4.3332728208316205,54.804528393306384,Urna amet, sodales massa diam, pulvinar pellentesque.,1
14.0,high,a,4.003203368881436,200.25256408437187,Feugiat non, cras lorem at.,0
72.0,very high,af,7.254054255957579,74.21696290458065,Eget suspendisse donec, consectetuer laoreet fermentum, magna sed quis.,0
72.0,high,eu,6.003981093949997,23.829479931628477,Tortor praesent, maecenas nunc.,0
35.0,low,af,3.31772792758495,-14.934573011083081,At aliquet.,1
55.0,low,eu,4.586505010227101,-64.43638606943844,Tempor dui vitae, pede in mollis.,0
66.0,high,eu,5.726016458806662,24.947074838187643,Wisi ut, eum et.,0
48.0,low,af,4.410124289841771,-61.15255515820621,Eget ac.,0
53.0,neutral,af,4.684971254330096,16.416245751253527,Donec nullam, ultricies enim dictum, sit commodo.,0
53.0,high,af,5.401522605055441,108.42048550438908,Accumsan semper a, a in, mi ullamcorper.,0
49.0,neutral,af,3.86588342543699,-19.601015344715247,Sed imperdiet dictum, morbi mattis porta.,1
52.0,high,af,3.1136122298751188,61.77695008280671,Non ipsum, scelerisque scelerisque cras, suscipit eleifend.,1
29.0,neutral,sa,3.0575975435110037,43.184421786323696,Posuere sodales nunc, urna massa, voluptatem optio nunc.,1
92.0,neutral,in,3.566005746031533,-115.46012754395889,Cubilia pede, dolor nibh vivamus, faucibus primis.,0
61.0,high,af,4.991517405643844,27.460877986262325,Sagittis praesent, neque etiam ultrices.,0
63.0,high,af,6.269390023274629,11.528310214612798,Ut in.,0
58.0,low,eu,4.09780188676899,-98.022709629593,Posuere lacinia.,0
21.0,low,sa,2.572090539554508,24.0857393410037,Convallis pede labore, mauris pellentesque, elit quam.,1
51.0,high,af,5.591488017908195,63.97750899067151,Vivamus gravida ipsum, eu praesent.,0
49.0,neutral,af,5.229691974282458,-38.33163991050748,Tristique netus, orci ac dicta.,0
73.0,neutral,aus,3.384095023048153,-82.38099029947762,Pharetra at elit, gravida luctus, elit erat dictum.,0
73.0,high,eu,5.740796256382615,36.81317334506042,Et consectetuer, ut ipsum risus, lectus morbi scelerisque.,0
19.0,neutral,na,2.6926227885463563,65.18086599770778,Leo cursus, quis suscipit.,1
72.0,neutral,eu,4.617211742312249,-57.26608513618116,Erat mauris dui.,0
46.0,high,sa,5.050103299807995,128.59968231304816,Potenti primis pede, wisi nec a.,0
75.0,neutral,aus,4.152627901373789,-92.1106331604399,Urna elementum, quisque ut ornare.,0
33.0,neutral,sa,6.179776995124432,41.55240530609572,Sollicitudin non.,0
76.0,neutral,eu,5.058810705123407,-38.1495617186757,Eu sed.,0
46.0,neutral,af,4.864347524571034,-27.319491562932868,Nam sed.,1
72.0,neutral,eu,4.605858073460332,-64.18537057715616,Maecenas sed, in eros ac, egestas integer.,0
53.0,neutral,af,5.456717336748323,9.742798619388932,Rutrum sed eleifend, metus augue, est felis at.,0
65.0,neutral,eu,5.049735518530515,-54.49286753542546,Metus et.,0
27.0,neutral,sa,3.2499507567025803,45.08908745049395,Tellus sollicitudin donec.,1
65.0,low,eu,4.346531457444883,-91.88856373192853,At erat, libero mattis tempor.,0
77.0,neutral,aus,4.283413471641404,-57.87287943174829,Erat porta nunc, suscipit adipiscing suspendisse, libero ac.,0
70.0,neutral,eu,4.58572158562938,-85.78826151770384,Pretium aliquam interdum, tellus ut.,0
64.0,low,eu,4.361189468417445,-89.48186753929193,Nibh elementum eros.,0
35.0,high,sa,6.262154005773192,138.59735368371068,In sed vitae, orci iure rutrum.,0
58.0,neutral,af,5.831732296365102,-18.547467597826728,Orci lorem.,0
41.0,high,sa,0.9084881322804312,94.42997703223156,Suspendisse arcu, justo mauris, augue velit.,1
30.0,neutral,sa,4.642386916554509,64.28823099874886,Vehicula eu vel, amet cursus dapibus.,0
36.0,neutral,sa,3.7236785906299126,56.75395102747373,Nullam vestibulum, quam vivamus, metus felis.,1
47.0,high,af,3.652344908046972,66.1851473591724,Enim elit, proin egestas velit, eu elementum.,1
14.0,neutral,na,3.9800753846815047,63.21129143525377,Convallis amet orci, vulputate sit metus, accumsan adipiscing vitae.,0
81.0,neutral,aus,3.958170787444651,-45.07759904889369,Sapien pellentesque vel.,0
64.0,neutral,eu,4.77421767824422,-14.99789701243002,Amet pellentesque interdum, cras odio, condimentum massa tellus.,0
55.0,low,eu,5.352937724892051,-81.88089735593425,Justo ut massa.,1
52.0,high,af,0.6696272922161843,78.87205969382147,Quis dignissim.,1
57.0,neutral,eu,5.060734807864472,-59.49267780341577,Luctus est.,0
52.0,low,af,5.893145956995713,-53.02249529766124,Et nunc at, dolor pulvinar.,1
61.0,high,af,4.085737488654979,26.546217568991427,A mi, ut pede.,0
61.0,neutral,eu,5.375741865008781,-20.938845974614317,Tortor aliquam, egestas bibendum.,0
52.0,neutral,af,5.456731068385516,11.213367990071701,Gravida eget fusce, etiam aliquam, rhoncus massa commodo.,0
42.0,neutral,af,3.341327269663553,-3.2922669039386907,Vehicula dui non, augue sapien enim, volutpat at euismod.,0
29.0,neutral,sa,6.3632274333636385,84.78427687266871,Sapien etiam, amet enim mi, faucibus sapien bibendum.,0
59.0,neutral,eu,2.6327068684673818,-36.67890726948228,Proin feugiat, metus eget.,1
51.0,high,af,4.8854418320953865,53.635761085533716,Ut tellus.,0
40.0,neutral,sa,6.6550287512008515,63.57280689416787,Nibh sed, libero sapien aut, scelerisque enim.,0
79.0,neutral,aus,3.9413881408952767,-113.10553370986928,A ut, velit magna vel, rhoncus justo sed.,0
67.0,high,af,7.359264334882766,67.65743339928711,Id egestas, erat ipsum.,0
45.0,high,sa,4.257756044960487,87.10355192833833,Nunc quis fermentum.,0
31.0,high,sa,4.12106348657345,128.79357073064395,Quis amet, rutrum cum, id fusce ipsum.,0
46.0,low,af,5.333500199898119,-108.2044903597939,Viverra erat eget, morbi euismod.,0
41.0,high,sa,6.23392634231994,117.46365716046714,Fusce viverra libero, enim ante, at nunc wisi.,0
71.0,low,eu,4.886638158842246,-103.2875698695727,Amet justo vel, turpis quisque.,0
36.0,high,sa,5.628550327916202,80.46147624185701,Rutrum dignissim amet, ante sapien, odio vel morbi.,0
41.0,high,sa,2.844480212749465,63.51310981314262,In et tincidunt, sollicitudin nisl ut.,1
55.0,high,af,3.4222322116353494,47.18211561415252,Aenean dui eu, rerum sed sed.,1
51.0,low,af,3.9742555488987312,-45.63280505999704,Libero luctus quam.,1
36.0,low,af,6.3712301879313955,-76.29610286552978,Egestas at.,0
18.0,neutral,na,2.0448741987448975,76.03231248508847,Velit non habitasse, tempor gravida.,1
42.0,neutral,sa,5.838264856646427,36.58706913770362,Fermentum ac, augue vel eget.,0
76.0,neutral,aus,4.580755207100001,-79.4918808208283,Laoreet venenatis leo, mattis nec amet.,0
28.0,neutral,sa,4.733335031153278,94.59725979270145,Eu in, pulvinar dignissim, wisi felis.,0
70.0,neutral,eu,4.751991600233838,-52.304127488820214,Ipsum nunc, et at, cras sit sit.,0
77.0,neutral,aus,4.6458064330160855,-96.3671580044885,Imperdiet amet turpis, wisi tincidunt, vel enim.,0
17.0,neutral,na,3.8070588772135614,58.48747938218088,Ac consectetuer eget.,1
41.0,neutral,af,1.2682935415153391,19.449240128745007,Nulla sapien in, turpis hac, arcu orci.,1
62.0,low,eu,4.837390186580269,-116.3552398018571,Faucibus sit massa, porta massa.,0
26.0,neutral,sa,4.084519385318905,78.26638531950074,Risus rutrum sapien, tristique praesent elit, elementum vel leo.,0
38.0,neutral,af,4.248971824739846,5.5791946045367125,Elit iure enim, wisi fringilla, magna amet.,0
78.0,low,aus,4.780534482668994,-143.44128823369786,Ligula amet, tortor est.,0
32.0,high,sa,4.320784247543418,129.5920087007684,Enim mattis lorem, proin nisl metus.,0
77.0,neutral,eu,3.930813255243387,-30.897774667018606,Felis mauris, ipsum proin pellentesque.,0
30.0,neutral,sa,3.389994200757575,40.387198142495436,Lobortis iaculis, ipsum morbi mauris, litora blandit.,1
37.0,high,sa,1.0942921036802278,83.09504153569631,Fusce fermentum, mattis nostra.,1
48.0,neutral,af,3.6361291380240117,-20.084975761414633,Commodo arcu, consequat dapibus.,1
67.0,neutral,eu,5.199015477229944,-24.640538813564696,Orci vitae felis.,0
44.0,low,af,4.077482149164338,-40.71661485436674,Mi sodales amet, vitae sed, erat a.,1
46.0,neutral,af,4.52417171093783,10.475828683829086,Ac ipsum lectus.,0
51.0,neutral,af,5.126367024702502,14.81110713066934,Orci eget mattis.,0
81.0,neutral,aus,5.621886501375507,-62.32138642158169,Sed sed, mauris purus ut, metus posuere.,0
14.0,low,na,3.778618346536624,40.926267973553095,Dictum nulla, augue adipiscing et.,1
34.0,very high,na,4.476884652408094,181.4806474497019,Interdum eu.,0
45.0,high,af,1.8535004228247942,67.42326611262256,Viverra lorem ad.,1
34.0,neutral,sa,3.3274070522656434,9.947636105715134,Lorem vehicula, donec ligula dui.,0
35.0,low,af,5.158349114532183,-61.13305979127222,Nibh penatibus.,1
46.0,low,af,4.886956410707081,-45.14798996150421,Odio dolor, vehicula pretium.,0
57.0,high,af,5.258981965796444,92.41900752347512,Nam libero quibusdam.,0
65.0,low,eu,4.29491347284203,-102.57662714113287,Id lacus diam, nunc sed maecenas, consequat magna.,0
58.0,neutral,eu,5.1267133135908995,-59.730293557996276,Fermentum molestie, quis pellentesque.,0
46.0,high,af,4.345704471271873,60.86423128164016,Velit ut.,0
36.0,neutral,sa,3.1242935896550033,65.15290220291406,Condimentum leo est, augue wisi, non amet.,1
53.0,high,af,3.2799038963108664,46.28452387852734,Sociis tempus aliquam, penatibus at.,1
40.0,high,sa,4.256675362783833,87.75344694058448,Rutrum lectus, nullam metus sociis.,0
42.0,neutral,af,4.3867463681432834,33.044847237715956,Ornare class, morbi velit vestibulum.,1
76.0,neutral,aus,5.231427579306798,-80.08970968564232,Non eget lorem.,0
62.0,neutral,eu,5.10646876319334,-3.07344458195663,Eros amet, laoreet conubia.,0
73.0,low,aus,5.331647850371751,-117.00420810340238,Justo ac.,0
69.0,high,eu,5.31345512969628,-4.387696528637983,Laoreet sit, diam nunc.,0
46.0,high,sa,5.716986037014761,111.98511195299223,Vestibulum scelerisque nec.,0
36.0,low,af,2.866356786149569,-15.380259188484107,Lorem nec vestibulum.,1
63.0,neutral,eu,4.134606129645991,-60.91194319823357,Pellentesque quo mauris, pede rhoncus, viverra non.,0
39.0,low,af,4.559144940459166,-63.69569227796944,Bibendum nulla.,0
51.0,high,sa,6.059291146360185,118.25395831560714,Dictum aliquam.,0
43.0,low,af,6.5868521970210265,-40.28764309472916,Est deserunt nulla, velit laoreet bibendum, in tellus et.,0
43.0,high,sa,2.2314425889179743,76.06360958154761,In viverra.,1
57.0,high,af,2.608797729401866,53.28749295805929,Purus lobortis, ipsum posuere.,1
74.0,neutral,eu,4.929921971908676,-80.21011436611427,Nisl semper ac, fringilla magna, taciti imperdiet tellus.,0
72.0,low,aus,4.01596706602674,-172.68500906370525,Phasellus ornare aliquet, id nesciunt eget.,0
32.0,neutral,sa,1.798722449107907,54.19008459061567,Scelerisque integer massa.,0
18.0,low,sa,3.008633149216018,36.031968571116536,Tempor in vel.,1
61.0,high,af,2.3723410397485893,52.026873720842744,A et.,1
77.0,low,aus,3.9475526933333756,-162.86152715046703,Vitae erat vel.,0
36.0,neutral,sa,2.800478622792466,60.083828859932055,Non cras.,1
70.0,neutral,eu,6.729830812432172,-49.856239944789564,Arcu pellentesque ut, neque senectus, cras risus vulputate.,0
45.0,neutral,af,4.856433427764398,-0.09899145166393009,Pulvinar accumsan, neque vitae.,0
46.0,high,af,1.3252996779041237,73.63967443311164,Et mus ac.,1
38.0,low,af,3.067233828051232,-32.82559820057941,Mauris curabitur nunc, nulla purus neque.,1
69.0,high,af,6.619121647834721,67.11140766824084,Nunc tortor, donec in, tellus odio.,0
73.0,neutral,eu,5.329162250054102,-89.71661297081293,Enim ut.,0
38.0,high,sa,4.335013465896758,95.05170953673922,Mi cum lacus, velit consectetuer, augue integer vestibulum.,0
76.0,low,aus,5.1085627948806875,-114.33968172147735,Eu facilisi.,0
42.0,low,af,6.2371866925070325,-34.53997388618596,Lacinia phasellus, ornare dui.,1
35.0,high,sa,6.352576373662305,99.37768609879602,Egestas pede, ipsum condimentum.,0
51.0,neutral,af,5.184151424315229,28.821820377503148,Ipsum morbi praesent, id morbi, rutrum erat.,0
56.0,high,af,5.733519601325967,42.73281863959201,Cubilia dictumst.,0
42.0,neutral,sa,3.4037580666705787,56.04184004251731,Sit maecenas, tellus orci mauris, non consequuntur.,1
69.0,neutral,eu,4.465403879208647,-32.20372317890548,Pellentesque donec a, minus libero.,0
34.0,high,sa,2.016604733616979,84.58709601154506,Aliquam lobortis, ut auctor urna, etiam lobortis gravida.,1
75.0,neutral,aus,3.8504181060684526,-68.57213382732385,Massa enim, adipiscing vitae in.,0
0.0,neutral,a,4.07931317530355,163.53594019201324,Vel gravida, pulvinar arcu, nulla nunc.,0
51.0,neutral,af,5.052868692514513,32.37868002649351,Platea magna, ac eros commodo.,1
60.0,neutral,eu,4.612006011644397,-53.15609169060549,Volutpat nec, lacus fugiat nulla.,0
45.0,neutral,af,5.029198866980544,13.145644202094076,Nam lectus id, diam felis.,0
43.0,high,sa,4.962488406902432,93.16807257295521,Turpis porttitor.,0
53.0,neutral,af,5.525613667926577,-27.80926453983977,Urna facilisis, amet ipsum quis, nullam est.,0
67.0,low,eu,3.7810308038600366,-88.53966929098696,Mauris nulla ac, ut aliquam non.,0
44.0,high,af,2.097316347804737,65.37905010969673,Porttitor quis, semper metus.,1
45.0,high,af,1.4051679339499996,78.8060960235478,Netus velit, velit arcu, commodo consequat est.,1
55.0,high,af,6.151059981970592,92.17445135006908,Vel at, feugiat quam.,0
72.0,high,eu,6.53220847049581,15.642027356668507,Mauris felis, laoreet sed dapibus, eget faucibus.,0
57.0,high,af,4.940932907894112,25.24608575988907,Velit taciti, malesuada non, lorem ligula.,0
21.0,neutral,na,2.322583621030523,84.89592772740154,Sodales pulvinar bibendum, erat donec dictum, class neque.,1
33.0,high,sa,4.80249720719023,95.0514546985443,Lobortis nibh ante, mauris tristique, pulvinar aliquam convallis.,0
26.0,neutral,sa,4.613367276325117,59.05926420171103,Massa inceptos, suscipit eu.,1
35.0,neutral,sa,3.576819258242228,58.47647060914835,Sit ut faucibus, morbi nam.,1
61.0,high,af,7.178923327415731,90.30912831915997,Magna iaculis dignissim.,0
37.0,neutral,sa,4.078084542945767,54.8317725844644,Nibh sit, velit et arcu.,1
56.0,high,af,3.7391727881128585,41.08859900284675,Ut blandit wisi, culpa consequat aliquam, aenean sed luctus.,1
69.0,neutral,eu,4.405878791928589,-85.30476170148334,Ridiculus id hymenaeos, cras justo.,0
95.0,high,aus,7.315884050236544,-16.69732983931179,In sit fermentum, lacinia ut libero, per ullamcorper justo.,0
46.0,high,sa,4.514382784166713,73.08822519744047,Facilisi in.,0
70.0,neutral,eu,4.15496035239822,-76.99192923868746,Aenean arcu sed, lobortis velit, quis placerat porta.,0
27.0,neutral,sa,4.54104548353952,75.21032150285662,Vitae magna.,1
69.0,neutral,eu,4.24223857424034,-76.11709288029121,Etiam et sed.,0
46.0,neutral,af,2.068167803118862,7.6883743246842435,Ultrices aliquet blandit, tristique adipiscing imperdiet, a sit.,1
34.0,high,sa,4.365175121998413,88.34258896873592,Tristique ut class.,0
46.0,neutral,af,2.3552786462161976,49.80609113783375,Euismod sed, suspendisse pede, dignissim in.,1
44.0,high,af,3.5645396646007272,59.19123767387808,Nibh erat facilisis.,1
68.0,neutral,eu,4.832925896096093,-8.995858220070991,Ut gravida.,0
46.0,high,af,4.137971305619497,59.60986297440316,Eros feugiat malesuada.,1
42.0,neutral,af,0.15678894732621007,45.13719884793203,Metus occaecat arcu, a maecenas.,1
51.0,high,af,4.430383983290761,45.490683671528686,Nec per, dolor lectus et, leo metus sem.,0
25.0,high,na,4.167102353128268,121.24109046969846,Turpis nec.,0
71.0,neutral,eu,4.0268118664524994,-77.88385539574234,Vehicula lorem.,0
42.0,low,af,5.184545417967457,-49.96908096288222,Porttitor magna ultrices, viverra nunc est, non dolor tellus.,0
20.0,neutral,na,3.540168419261455,54.586082063527925,Risus blandit, nonummy a turpis.,1
70.0,neutral,eu,4.7964774643755375,-63.46928478871263,Pellentesque et, tellus vitae.,0
47.0,low,af,6.581577577171086,-82.14634232067846,Venenatis eget scelerisque, dolor eget, donec eget sapien.,0
68.0,high,eu,5.5530009216552205,29.55011391194925,Tempor arcu.,0
46.0,neutral,af,4.841312418635356,22.63028347456891,Vestibulum eu.,0
56.0,high,af,0.9409269054728848,65.51967104271438,Wisi fusce, taciti suscipit, in risus magna.,1
37.0,neutral,sa,2.651508039223123,51.88559659067556,Dolor mauris, sociis suscipit, aliquam luctus et.,1
46.0,low,af,3.3972677822595108,-46.02687675751355,Sapien dui volutpat, cursus nibh tellus, convallis vitae aliquet.,1
72.0,neutral,eu,4.148375903818508,-48.00593492110488,Nam eget, quam et leo, dui id.,0
43.0,neutral,af,3.4155791825375204,-7.781789420594244,Vehicula sit.,1
48.0,high,af,2.7885100258289777,58.57955264391674,Vestibulum mauris, pretium tincidunt possimus, torquent quis fringilla.,1
43.0,high,sa,5.9733890291685645,88.17753830494526,Feugiat tempor ipsum, sed vitae.,0
58.0,low,eu,5.71013677053509,-107.26623094071013,Mauris pretium, tincidunt nec voluptatem.,0
30.0,neutral,sa,2.721981563091736,38.370254518863135,Non donec, suspendisse sed, ornare luctus.,0
19.0,high,na,4.647572896668416,128.78329038240324,Vitae sed, vitae morbi.,0
73.0,low,aus,3.386686822634853,-106.16184679755388,Mauris eu, nunc ac, integer leo dignissim.,0
49.0,neutral,af,4.179198983601824,30.37836050286309,Dolor sem ea.,0
70.0,low,aus,4.394878662114648,-162.4257428885449,In leo, elit ut.,0
61.0,very high,af,6.581592938635863,114.03521484134926,Non convallis maecenas, non duis.,0
29.0,low,sa,5.63760839307546,-3.700287155274241,Cursus in sit, mauris sed in, et et.,0
27.0,neutral,sa,2.546975388172027,51.1456658595221,Tristique sit.,1
52.0,low,eu,2.652082977928278,-57.581922960936055,Fuga blandit.,1
89.0,very high,aus,6.576823733354385,28.604576214970265,Quis porttitor tortor.,0
39.0,neutral,sa,4.587450084311325,68.94503935979576,Parturient habitasse.,0
57.0,neutral,af,6.002656678227362,-28.171256780333973,Dolor tellus, lacus amet est, viverra non wisi.,0
60.0,high,af,5.724369924514496,100.23242651553946,Et malesuada magna.,0
41.0,very low,af,5.200741538119216,-127.49846472482447,Auctor vehicula, massa sagittis.,0
44.0,neutral,af,4.577200437418996,-5.316003862999375,Urna consequat, etiam ultricies dui, eget enim aptent.,1
51.0,high,af,4.939371671851111,99.59531248476698,Est commodo nunc.,0
33.0,low,sa,3.533760066438917,-3.612187490616021,Cras sodales, lacinia eget nibh, a maecenas enim.,1
25.0,high,na,4.187445361500342,116.27353544752332,Sit ante venenatis, est proin.,0
41.0,neutral,sa,3.058271720041612,61.14543893527315,In ornare.,1
87.0,low,aus,5.901892039226274,-156.47469326581287,Suspendisse eget montes, morbi a enim, vestibulum nulla neque.,0
58.0,low,eu,3.24235694375795,-83.62165325006374,Commodo dui aliquam.,0
41.0,high,sa,5.694783389665529,72.77856350934152,Vestibulum ipsum feugiat.,0
52.0,neutral,af,5.8999855361448175,14.12683408077149,Duis vehicula, lectus erat, in urna.,0
26.0,high,na,3.2821959698697807,163.0373448088748,Neque diam pellentesque, molestie posuere.,0
52.0,neutral,af,3.5956565638794866,2.894254210277892,Elit in viverra, inventore accumsan erat, elementum duis.,0
39.0,neutral,sa,4.282926740690269,64.66538811279506,Senectus turpis mauris, nunc nisl.,0
40.0,neutral,sa,6.8573245049559155,26.605596332381136,Diam justo.,0
49.0,low,af,4.831247467163278,-64.97032503624996,Tincidunt enim vivamus, sem quam in, tincidunt penatibus mauris.,1
56.0,high,af,5.752427077634759,92.14966991335147,Amet libero fusce, dui a.,0
22.0,high,na,3.5438338775207656,125.14446179346297,Sed ultricies, luctus odio fusce, proin elementum accumsan.,0
81.0,low,aus,4.686110726082347,-126.0511039123002,Vitae tincidunt nostrud, suspendisse sit quam.,0
48.0,neutral,af,5.4346573031646965,-36.20133131135668,Vulputate ipsum, faucibus eros.,0
31.0,neutral,sa,4.309686021149,85.08850605330265,At repellendus pellentesque, massa luctus, vestibulum adipiscing gravida.,0
84.0,low,aus,4.19353797215153,-157.77193184931463,In posuere commodo, integer ut ut.,0
20.0,neutral,na,2.7715553582779653,83.39854510763026,Suscipit venenatis ut, quis pede vulputate.,0
67.0,high,eu,5.5636912793298,30.889680825411215,Vel laoreet turpis, enim gravida, vel etiam.,0
31.0,neutral,sa,3.089858492068711,74.0116252290569,Sit ut et.,1
35.0,neutral,sa,3.5938564774469364,73.64855464218029,Elit ut a.,0
13.0,neutral,na,0.9398866286242304,76.88791670017218,Duis lectus wisi.,1
59.0,high,af,6.1839964390486655,23.222113527889586,Dolor in et, porta phasellus vestibulum, urna eget id.,0
18.0,neutral,na,1.3857139047837834,107.98980900574904,Conubia quis vestibulum, vel feugiat pulvinar, at tellus et.,1
34.0,high,sa,4.778618121107739,116.68760103073754,Interdum tempor at, amet suspendisse ad.,0
71.0,very high,af,6.0218083455450016,100.78686041245619,At sem.,0
42.0,low,af,5.261645713644611,-52.632062362903014,A pellentesque, vestibulum cursus lorem, at et.,0
53.0,high,af,3.653960274063301,45.76533215761735,Nonummy ipsum aliquam, tellus non.,1
60.0,low,eu,4.203771015259299,-116.06216517678308,Non velit, eu arcu tincidunt.,0
28.0,neutral,sa,3.175431708997765,19.83800336708402,Mi nulla, pellentesque ante.,1
41.0,neutral,af,3.8791753796453863,22.212525928189795,Ante est, integer nec.,0
51.0,low,af,4.514715044288123,-60.882195466520216,Tortor facilisis, orci rutrum.,0
40.0,neutral,sa,4.068217057427154,56.177948687193066,Litora et, suspendisse cursus.,0
31.0,neutral,sa,5.0088639640595085,24.605618278488098,Sit etiam.,0
29.0,neutral,sa,0.7370408135189472,35.81163569713404,Interdum est.,1
56.0,high,af,5.6112105850762815,58.85483507534656,Aenean at taciti, mauris arcu wisi.,0
39.0,neutral,sa,5.8885375585188235,39.62254580340034,Libero nam.,0
61.0,high,af,4.514757156668444,30.505870568599313,Aenean elit cras.,0
29.0,neutral,sa,4.944085847426601,61.122144569656086,Ut sodales.,0
45.0,low,af,5.4538025224599895,-64.45983231607117,Laoreet dui, viverra dolor ipsum.,0
65.0,neutral,eu,6.403886430075982,-13.40448452384473,Ut dolor, nonummy laoreet sit.,0
17.0,high,na,3.7570299475098583,146.24966199854805,Facilisi turpis in.,0
12.0,high,na,3.2499483501913677,145.51688705780623,Feugiat mattis, sed in, tellus orci hendrerit.,0
30.0,high,sa,5.308947679293501,99.17419226330183,Pellentesque ultrices, suspendisse nunc.,0
44.0,neutral,sa,6.325818873119525,40.9608660275872,Nunc et vel.,0
49.0,high,af,1.6792278645024021,76.8609909916666,Risus nibh, neque elit duis, pede feugiat.,1
40.0,neutral,sa,3.2464642768091037,64.3196700490007,Proin sed, magna morbi.,0
42.0,neutral,af,3.085104896783557,-0.2283495374942639,In pellentesque, eu massa ac.,1
49.0,neutral,af,4.902582661198322,-10.107820247237141,Nec suscipit libero, id nonummy.,0
38.0,neutral,sa,2.726929542840149,65.3393172892778,Dui est.,1
78.0,neutral,eu,4.227843071209482,-33.86511796194888,Eleifend congue vitae.,0
54.0,high,af,5.6637420498725035,47.28813145421256,Pellentesque aliquam, elementum aliquam.,0
64.0,neutral,eu,6.428691400377778,-14.429726239001702,Et blandit.,0
64.0,low,eu,4.135166139555703,-98.63898999480227,Bibendum class integer, sapien libero, massa ut.,0
30.0,neutral,sa,2.5411185853409006,17.963840759550415,Lorem id, quam magna dictum.,1
35.0,neutral,sa,2.5160430027587157,63.755101149772045,Tristique vel, nunc non proin, amet bibendum leo.,1
22.0,neutral,sa,2.5676662754891977,68.35168101202547,Diam amet mauris, faucibus ipsum magna, urna leo.,1
48.0,low,af,5.494307088251889,-95.99631360393244,Lacus suspendisse in, quis dictum morbi.,1
36.0,neutral,sa,3.4032572895894657,58.55551325878693,Tellus pharetra vivamus, dictumst duis justo.,1
16.0,very high,a,4.753560264556385,212.7332726455943,Vestibulum pharetra, blandit neque eget.,0
43.0,low,af,2.144070832932831,-32.49718282698413,Praesent viverra dictum.,1
71.0,neutral,eu,3.7901464786895662,-95.48285077670711,Ut integer.,0
26.0,high,na,3.7940208960765016,142.17901696469843,Et et morbi, et et egestas.,0
59.0,high,af,5.504819919609551,87.85522177171816,Faucibus metus, a bibendum.,0
64.0,low,eu,5.054813762218835,-122.95534955081402,Sem quis nunc, donec arcu, malesuada penatibus suscipit.,0
60.0,very high,af,6.367673293428223,102.16004378916304,In cras.,0
52.0,neutral,af,5.456138717970434,-7.916269209102582,Tincidunt quam.,0
20.0,neutral,na,4.758861348420296,105.24329152003442,At nibh, ut nulla, wisi nisl sociis.,0
47.0,neutral,af,6.094873600981691,41.369520277866215,Gravida commodo mauris, lectus adipiscing.,0
31.0,neutral,sa,4.825080647978547,59.47332189829221,Laoreet suspendisse sit, ac velit iaculis.,1
66.0,low,eu,5.062701032019138,-99.4456892458373,Faucibus occaecati, faucibus tincidunt purus.,1
26.0,neutral,sa,3.5300935434439644,71.98252937648863,Faucibus ac, nunc id, id sed tempor.,0
15.0,neutral,na,3.7149192403628692,109.54190459219252,Sagittis et.,0
65.0,low,eu,3.982478593020758,-80.8946105402871,Eleifend duis sociis, justo fringilla, leo enim at.,0
35.0,high,sa,2.3170848917428404,90.05754393116345,Mattis nunc, eros hendrerit vivamus.,1
42.0,high,sa,1.682930771979386,82.06385504448916,Varius vestibulum.,1
74.0,neutral,eu,3.860366518871568,-54.43527548931641,Vestibulum sociosqu, metus tempor.,0
42.0,neutral,sa,5.004262673371658,44.40084661551515,Justo eros, posuere eget tristique, adipiscing ante.,0
46.0,very low,af,5.04318337491892,-118.87099946249678,Non quam turpis, leo quisque.,0
30.0,neutral,sa,4.977052799608076,77.56966305245497,Lorem elit augue, id rutrum sagittis.,0
71.0,high,eu,6.984475839072483,-4.971673081179507,Sed scelerisque euismod, leo ante ut.,0
49.0,high,af,3.8668640154798104,72.45769494879778,Morbi elit, quam donec eget, suspendisse diam.,1
46.0,neutral,af,5.688239298948382,-0.7187725995539633,Posuere eget aliquam, amet sapien mattis.,0
46.0,neutral,af,4.167528776582686,2.808914769819885,Quam wisi lectus, maecenas ut.,1
34.0,neutral,sa,2.261398616561567,7.759298394171637,Nec lobortis lacinia, vel rutrum quam, lacinia quis.,1
47.0,high,sa,3.6543904647927077,120.55297598370716,Porttitor cras massa.,0
33.0,high,sa,4.267162003953862,106.31976977945017,Erat scelerisque, sed fermentum orci.,0
52.0,high,af,5.901908579677677,69.93087678241048,In fermentum.,0
37.0,neutral,sa,3.6009002948118187,58.81168777371472,Ligula diam.,0
21.0,high,na,4.58594511221624,116.00381268889853,Ac feugiat dapibus.,0
73.0,neutral,eu,5.322092874427698,-72.3745956927333,Urna quis ac, maecenas ut, ante lectus.,0
55.0,high,af,4.80336573044024,46.09200526270506,Nunc quam nascetur, nulla diam.,0
71.0,neutral,eu,5.21229867162553,-92.00415549344422,Nulla etiam ultricies, cursus mi.,0
33.0,neutral,sa,3.7442109059929445,10.375329456923808,In amet tortor, lectus ac phasellus.,0
64.0,neutral,eu,4.8143249388475216,-27.03343245915616,Lorem faucibus, vitae id nullam.,0
24.0,neutral,na,3.482911896432225,81.436135193802,Magna quis, orci suspendisse.,0
43.0,neutral,af,5.660067017212177,21.00811381609211,In massa, et nec eget, ultricies tempus rutrum.,0
36.0,neutral,sa,6.869919843158371,59.0998576028812,Nam lectus, habitant orci.,0
71.0,neutral,eu,4.861488062304357,-79.64916313603452,Lobortis ligula dolor, et conubia.,0
47.0,low,af,4.78286816948132,-74.49557280211879,Magna laudantium.,0
38.0,neutral,sa,4.9978652110546395,70.49970067949135,Purus in maecenas, luctus accumsan posuere.,0
63.0,low,eu,5.192210898529608,-92.78063348056907,Nam erat et, diam ultricies, nec erat.,0
43.0,low,af,5.086076024399612,-44.96666315979648,Nunc erat, mi praesent.,0
28.0,neutral,sa,4.283213464086338,61.249973176959585,Enim ex.,0
14.0,neutral,na,0.0,82.7600390261613,Vehicula sed risus, ut velit.,1
36.0,high,sa,4.335903255863288,128.33150705112712,Donec aliquam.,0
28.0,neutral,sa,3.7088517194917148,30.022474145343914,Curabitur alias.,1
30.0,neutral,sa,2.230137329422189,43.809079449705365,Ipsum pharetra malesuada, risus tincidunt, accumsan eget porttitor.,1
55.0,neutral,eu,4.0945538166818505,-54.85797792689351,Praesent mauris, purus quam eu, rutrum turpis et.,0
55.0,high,af,6.223369918998334,58.432817107655936,Lacus odio.,0
68.0,neutral,eu,4.474050681005517,-30.45418064056148,Sollicitudin facilisis pellentesque, ipsum sed pharetra.,0
58.0,neutral,af,5.371204173157773,2.584845020103959,Aliquet nibh, enim in, laoreet sollicitudin condimentum.,0
63.0,high,af,4.985327567873522,16.309430407121646,Odio interdum non.,0
42.0,neutral,af,5.867741223551526,11.83034641749373,Cras ipsum, venenatis suspendisse, feugiat wisi.,0
53.0,high,af,5.085222602320314,70.43107884487276,Tortor massa, dolor tellus sodales.,0
68.0,low,eu,4.488756348129985,-102.9927316874854,Mauris tincidunt, nunc lorem, non sodales metus.,0
71.0,neutral,eu,4.832148079150932,-28.856083225112666,Odio neque, mi porttitor.,0
40.0,neutral,af,1.6713416063818913,8.622722674592527,Diam neque.,1
40.0,high,sa,5.441449336279236,68.09913181716583,Commodo at.,0
85.0,neutral,aus,3.229979673115672,-111.20552215247552,Massa vitae laoreet, sed tortor.,0
29.0,neutral,sa,3.6370632666599465,32.80018119139777,Adipiscing lacus.,0
63.0,very high,af,6.4515775503874915,96.14037093613024,Etiam a auctor, est pede bibendum.,0
49.0,neutral,af,5.029943349081996,35.27425809366015,Suspendisse rhoncus et, elit id urna, laoreet aliquam.,0
36.0,high,sa,0.9956313413435631,90.48345054368063,Parturient ut semper, malesuada malesuada dapibus, blandit lobortis.,1
56.0,low,eu,5.079524630952045,-59.303940631075676,Sed consectetuer, urna pellentesque massa, nonummy ut.,0
48.0,high,af,2.686739010893181,66.13608074655268,Auctor est quisque.,1
46.0,low,af,6.136856305044823,-36.81556556407281,Tincidunt ac elit, orci neque.,0
71.0,low,eu,4.467364797148599,-98.42722304599363,Blandit nec, ultricies suspendisse pellentesque, a ac.,0
63.0,low,eu,5.057629063505056,-137.5102908171797,Nunc diam, id taciti in.,0
42.0,neutral,sa,4.480868908269309,58.99377764976526,Nulla tempus in, odio pellentesque sodales.,1
53.0,high,af,3.8047975238855942,39.40529132041655,Pulvinar eget, aliquam sollicitudin, turpis volutpat.,0
36.0,neutral,sa,4.669363393025506,43.981009022509355,Diam quam, blandit sagittis hac, quam est laoreet.,0
29.0,high,sa,2.192969730972199,97.87012738975558,Sit nulla, vehicula purus.,1
22.0,neutral,na,4.599051070771169,70.86303908556353,Nibh sem lacus, donec facilisi, integer lacus.,0
55.0,neutral,af,5.412534081328262,-29.783619529763346,Est mi.,0
35.0,high,sa,4.948936751906337,82.29155799258479,Cupidatat pharetra, ac suspendisse velit.,0
74.0,neutral,eu,4.443685710046265,-51.982186142040604,Velit euismod, nulla adipiscing semper.,0
44.0,neutral,af,6.31554944935501,-19.357213165315116,Nec mi, cras fusce.,0
34.0,high,sa,4.1039966149424725,118.79230391582513,Arcu morbi accumsan.,0
80.0,neutral,aus,3.8517316677793345,-84.10307598142427,Quis cursus.,0
59.0,neutral,af,4.97792899744469,-5.468104154609369,Lorem luctus, donec sed quam.,0
31.0,neutral,sa,1.939007746182884,50.57678217697905,Metus nisl, urna nec in, sed aenean.,1
53.0,neutral,af,6.004379493295565,7.280484468217955,Magna ut.,0
76.0,high,eu,5.735024391182919,-8.888236202843181,Sed ullamcorper sed.,0
31.0,neutral,sa,2.627562357393387,12.10653449243194,Lacus lobortis amet.,1
43.0,neutral,af,4.717473565638224,29.191202925578544,Eros turpis, at nam nam.,0
56.0,high,af,1.6960414030346516,78.69890609173076,Felis fermentum fusce.,1
42.0,low,af,3.440370826000615,-31.68720076270952,Ultrices commodo risus, aenean lectus.,1
49.0,high,af,3.450870029039995,60.23326247284521,Eget dolor, id non, velit nulla mi.,1
54.0,high,af,0.8150323681863303,73.60938394377902,Wisi vel.,1
51.0,high,sa,5.933214111048622,113.37633512747395,Sit blandit iaculis.,0
73.0,low,aus,5.170799206664244,-135.45545150296306,Fringilla dui, erat tincidunt vitae.,0
59.0,very low,eu,5.539134439058341,-191.67808389871146,Commodo libero.,0
60.0,neutral,eu,5.419679063952712,-52.247804803904245,Justo in.,0
40.0,neutral,af,1.6978113730413185,-11.193374194922649,Sed ut fermentum.,1
43.0,high,sa,2.349186478420481,80.73821775812254,Sed vel, quis aenean neque, aenean morbi sed.,1
65.0,low,eu,4.477991914136342,-87.66380048444465,Non neque pellentesque, massa posuere, consequat nulla.,0
40.0,neutral,sa,6.140657019585163,13.194610409387396,Congue elit sollicitudin.,0
75.0,neutral,eu,4.46796145230631,-44.60741571931331,Sed turpis, nulla vel elit.,0
78.0,neutral,aus,4.881385831832064,-58.5889350013818,Lacus velit, nibh diam.,0
82.0,low,aus,4.676427069905244,-145.4882626039742,Et dui, sodales mi sit, id curabitur.,0
31.0,neutral,sa,3.8567256556854606,43.61425790574354,Molestie sed, rutrum quisque, in id sodales.,0
71.0,high,eu,1.8679653815342592,66.0557533202505,Arcu magna etiam, sapien mi.,1
66.0,low,eu,3.5682337666170905,-90.06722606867757,Congue eget, montes et pellentesque.,0
49.0,neutral,af,4.4151741059579654,41.890086468004384,Amet ut maecenas.,0
53.0,high,af,5.336607998932836,74.11631193112633,Integer in.,0
52.0,neutral,af,4.725162246959426,-4.901589203672874,Pellentesque sit, curae quam et.,0
53.0,neutral,af,5.853330689855644,-49.75929614880262,Venenatis adipiscing aliquam.,0
63.0,low,eu,4.986752343031188,-78.64057734986501,Nibh id.,0
38.0,high,sa,5.416290064899405,77.0582724355484,Sed elit a, aliquam sodales hendrerit, urna donec.,0
69.0,neutral,eu,4.40594044368511,-75.67839534251186,Rhoncus donec, est leo, at vestibulum malesuada.,0
55.0,high,af,5.197291503365782,82.51485326265714,Egestas lacinia, eros adipiscing, risus sed.,0
43.0,neutral,af,0.9704830132809539,-12.315547716356068,Quia duis, wisi elementum eleifend.,1
14.0,neutral,na,3.3632925397002156,98.45146352296446,Curabitur cras sed, eros mollis ipsum.,0
25.0,low,sa,4.911614948108316,-38.687500165448796,Tincidunt in placerat, tellus et architecto.,0
20.0,neutral,na,5.078992250999569,61.046519449179954,Egestas metus eget, donec vivamus.,1
60.0,high,af,4.053739678150782,46.322649449274905,Turpis nec, tristique vestibulum id.,0
63.0,high,af,6.673626629877766,43.065522976577554,Sodales ullamcorper, amet volutpat per.,0
71.0,neutral,eu,4.880436095706192,-83.17835355540171,A eget.,0
55.0,low,eu,4.696548292216515,-72.80717904656333,Ullamcorper faucibus posuere, proin eu.,0
37.0,high,sa,4.423830841146586,80.34115149879757,Erat praesent mauris, varius et orci, sociis lorem justo.,0
51.0,low,af,4.604103819966946,-64.82826128182667,In a, imperdiet quam vestibulum, quam risus hymenaeos.,1
73.0,low,aus,4.359611408571303,-133.41562499475558,Congue suscipit ac, turpis nulla.,0
2.0,neutral,a,2.1660749146143967,119.38103792901784,Eu sapien etiam.,0
33.0,high,na,5.898541018890148,166.08256158686382,Curae quasi libero, nulla odio amet.,0
72.0,low,aus,4.39208708011528,-128.66269256795078,Nunc mi feugiat, eget justo erat.,0
9.0,neutral,na,1.6767701102971846,142.9432955281961,Tempor vitae pretium, sed nibh sit, ante nec sed.,1
48.0,neutral,af,5.937608506814072,12.033101620740087,Ornare rutrum, vestibulum at pede.,0
52.0,low,af,5.239033729713139,-50.68992202331992,Adipiscing nunc ut, aut enim, porttitor dictum nulla.,0
64.0,high,eu,2.957153660009268,44.74383208889843,Risus orci turpis.,1
34.0,neutral,sa,4.512364065099102,80.07829540338554,Eu donec imperdiet, dolor elit.,0
26.0,neutral,sa,3.8523322526636745,65.9897063270998,Dictum laoreet vitae.,0
70.0,neutral,eu,5.753117063583478,-90.29790542111347,Turpis urna libero, vitae justo dolor.,0
66.0,high,af,6.066269133894595,73.61275044962804,Mauris eget aenean, tortor mi sociis.,0
41.0,neutral,sa,5.181464448781794,38.61238079915604,Ex scelerisque dui, neque in suspendisse, odio sem elementum.,0
67.0,high,af,7.116597640630676,54.77255745178752,Urna lectus suscipit, ridiculus praesent ultricies, sed tincidunt.,0
55.0,low,eu,3.9000838371262234,-73.50346033526958,Nunc luctus placerat, praesent justo duis, etiam et.,1
54.0,neutral,af,6.7248305433549405,15.900351131508604,Felis vel, urna vestibulum euismod.,0
36.0,neutral,sa,3.201016854091248,31.983837937725646,Tellus nec, volutpat purus natoque, vitae turpis.,0
49.0,neutral,af,5.495120286509771,-8.90851828010233,Vel auctor scelerisque.,0
36.0,neutral,sa,4.523087680638307,53.12443916903584,Ullamcorper scelerisque purus.,1
47.0,high,af,3.156212446515089,63.53522099971035,Ante tincidunt tristique.,1
56.0,high,af,4.9117684967765145,55.69225175480278,Justo vestibulum quis, nunc ullamcorper suspendisse.,0
42.0,neutral,af,5.778548418183172,-13.389981394591882,Sem ad, in sed.,0
51.0,low,eu,4.227029327640349,-83.37580597573489,Ac tristique.,0
36.0,neutral,sa,4.738222992019331,65.97658426762109,Vitae vestibulum.,1
32.0,neutral,sa,4.22553028478459,86.59272296423426,Ut cras, cursus nec.,0
42.0,neutral,af,4.029580878151212,-20.23393513181201,Dictum nulla consectetuer, lacus eu.,1
49.0,high,af,2.112571326319006,59.846661803805404,In duis orci.,1
27.0,high,na,3.6483020383185196,168.63771391480694,Sed eget.,0
27.0,low,sa,3.282066185288757,1.3895297802285147,Dignissim et metus, purus blandit.,1
51.0,neutral,af,5.563758926716835,-10.203211639599234,Vitae elit duis, at cursus congue, in vestibulum.,0
45.0,very high,sa,5.854979524870121,154.215182164862,Condimentum wisi dolor, convallis nonummy.,0
75.0,neutral,eu,3.9505293052122856,-59.33972904044025,Dictumst volutpat, et molestie mollis.,0
46.0,neutral,af,3.6711131333437548,42.22668457927374,Id volutpat morbi, ullamcorper pulvinar justo.,0
65.0,neutral,eu,4.7748789407052445,-38.518857727661555,Sodales metus nec.,0
50.0,high,af,4.278026060005363,50.13808561989215,Tincidunt ligula.,0
65.0,low,eu,4.927617301454557,-136.34628821923417,Pellentesque justo sed.,0
31.0,low,sa,5.566293364343974,-13.431960920476172,Urna blandit, auctor nec quam, suscipit varius est.,0
57.0,neutral,eu,4.388582855710782,-58.27696698235299,Vestibulum malesuada eget.,0
71.0,low,aus,3.233449077851434,-103.15298720632764,Ipsum vitae, non turpis id.,0
62.0,low,eu,5.182982406869078,-114.56309599577646,Id ac, est volutpat arcu.,1
56.0,high,af,5.362196434485517,49.640159216371046,Et tempus dui, non turpis sed, purus scelerisque.,0
70.0,neutral,eu,4.774458706562074,-33.9501439338235,Molestie at sed, venenatis lectus.,0
69.0,high,eu,4.805847530645091,15.890086553018412,Accumsan phasellus vulputate.,0
65.0,high,eu,6.172946261592882,21.147664220416136,A posuere.,0
60.0,low,eu,4.09274888435556,-79.68775678620008,Ut non ac, proin ac.,0
35.0,high,sa,2.8081441106909906,85.20112993643593,Mattis arcu, faucibus facilisi sed, ullamcorper ac nulla.,0
73.0,neutral,eu,5.46164516674272,-63.5511742324277,Felis rhoncus nulla, parturient vestibulum.,0
25.0,neutral,sa,1.7112226620892055,84.09086535455873,Facilisis condimentum, sed eget.,1
49.0,neutral,af,4.081407723281962,20.71804586841545,Vulputate turpis.,0
26.0,neutral,sa,4.052843538734376,46.074602772426275,Molestiae inceptos.,0
52.0,neutral,af,6.077361592527883,-21.41077633233477,Lacus ut tortor, auctor nisl.,0
30.0,neutral,sa,3.9559098018826018,58.594802129274086,Nibh aenean.,1
69.0,low,eu,3.625359033081387,-96.20407341650055,Amet velit nec, pede sodales quis.,0
47.0,low,af,5.213452912028,-59.58337832809029,Torquent sed.,0
62.0,neutral,eu,5.985204968434475,-54.25872767177134,Lorem accumsan eros.,0
25.0,high,na,5.317358436249085,126.76445302120776,Dolor nisl nulla.,0
73.0,neutral,eu,5.1373897110786775,-55.27926960677047,Posuere at nec.,0
49.0,very high,sa,5.100502866615538,132.85562876867982,Aliquam sodales, pede arcu.,0
51.0,high,af,5.375983411919819,41.83484281160092,Quam a.,1
69.0,low,aus,5.251603917573734,-155.0729247246636,Mauris mollis, at id ultrices, lectus dui consectetuer.,0
74.0,high,eu,6.381964848162156,54.435996998429445,Leo dolor, ultrices quis eros.,0
35.0,low,af,4.064252851432091,-26.578520503682334,Vel ante massa, velit ac.,1
30.0,neutral,sa,3.6010512894549973,33.09296887174858,Illo vivamus et, ac lorem et, turpis ante nec.,1
32.0,neutral,sa,5.099665821226,62.57958997752432,Fusce officia odio, eu est enim.,1
65.0,neutral,eu,4.760583713031955,-33.91490109979517,Ut sem, dolor non mattis, sed diam.,0
62.0,neutral,eu,4.808852349120966,-64.05527538495735,Eget sit, sit interdum pede, ac convallis duis.,0
39.0,high,sa,4.2676843391996195,102.55917424577262,Mauris interdum, porttitor id, suspendisse arcu felis.,0
17.0,neutral,na,4.034380151998173,96.47909363304703,Ornare vestibulum.,0
43.0,low,af,5.039203567371068,-51.49228526353049,Commodo eget, sit enim, massa mauris.,0
58.0,low,eu,5.870315663849224,-96.28985336966842,Non eros risus, pharetra consectetuer, lacus vel.,0
22.0,neutral,sa,2.4730115176958822,54.484920674676545,Illum lorem tincidunt.,1
58.0,neutral,af,5.571968750916367,-13.618069219842827,Consequatur quam, molestie massa faucibus, et sed turpis.,0
56.0,neutral,af,6.155653836317052,-43.813987430420966,Arcu dui pellentesque.,0
28.0,low,sa,4.262071579313456,-6.251593403074597,Euismod amet ipsum, class mus.,1
68.0,high,af,5.636135831422665,58.693643513199106,Amet nibh.,0
45.0,neutral,af,3.3346287664151335,-21.000611490691163,Diam vehicula auctor, tincidunt pellentesque.,1
53.0,low,eu,5.503976972103926,-100.1430922641354,Nec donec eget, praesent sed sit, imperdiet placerat nam.,0
30.0,low,sa,4.533469464386315,-59.76611020476646,Wisi nunc, in eu diam, sollicitudin ullamcorper.,1
58.0,high,af,5.554908592862361,51.740727024653594,Orci cursus volutpat.,0
6.0,high,a,3.280894881154085,175.64177935795055,Vestibulum tellus feugiat.,0
47.0,neutral,af,5.142797539078564,9.162974572232333,Elit porta ut, tempus orci.,0
77.0,neutral,eu,5.866648037032616,-27.945898476075545,Ad lacus a, aliquam vulputate fusce.,0
39.0,high,sa,5.224911882965695,94.42576290320916,Nulla platea, amet at, purus velit natoque.,0
74.0,neutral,eu,5.167350704556866,-24.177767718500853,Porta mollis nunc.,0
43.0,neutral,sa,4.380706030991203,51.47452430474654,Tempus porta nec, proin ac.,0
58.0,low,eu,5.0763945153089445,-115.1808785930693,Vitae sed, faucibus cum, sodales mauris.,0
42.0,neutral,af,3.880464839454824,19.55332450667737,Tincidunt lacus.,1
57.0,neutral,af,4.930945453372803,-15.765827433599505,Nullam feugiat nam.,0
91.0,neutral,aus,3.7148132915250844,-75.15676628801505,Praesent lacus, habitasse sem diam, etiam nisl.,0
64.0,neutral,eu,4.018126882698664,-67.40952231549902,Sapien ac, etiam sapien labore, accumsan turpis.,0
39.0,neutral,sa,5.162252947158234,13.249098610869385,Rhoncus ut nec, lorem augue arcu, ante scelerisque.,0
41.0,neutral,af,1.8523720794336893,-15.963076841030293,Lorem varius.,1
70.0,low,aus,4.574845457127754,-119.9408228559215,Quis in, quis gravida vestibulum.,1
61.0,neutral,af,5.774357375218809,0.011333513228411363,Etiam sed nec, torquent sed velit.,0
39.0,high,sa,3.7293345752613907,104.29389012138247,Nisi maecenas, felis aliquet.,0
59.0,high,af,1.6222087791666921,59.120801892494285,Magna ligula netus.,1
55.0,low,eu,3.1161963295399793,-76.81982973736747,Erat ullamcorper faucibus.,1
46.0,low,af,2.763418246670864,-45.857241418118974,Urna et integer, wisi tincidunt in, a nibh.,1
67.0,high,eu,4.937783649213388,16.085762023560278,Justo purus facilisis, metus proin enim, quam integer ut.,0
24.0,neutral,sa,2.8519999339987265,82.4279115872761,Ut eros semper, id vestibulum, ante repellendus est.,1
51.0,low,eu,5.0241856182673175,-112.61775286592572,Iusto mi blandit.,0
31.0,high,sa,4.0246721080595815,116.27091825634932,Per placerat in.,0
59.0,high,af,5.3601850869972125,57.4474761108828,Eget cras vitae, platea dolor aptent.,0
27.0,neutral,sa,2.9240952513392306,16.630892679305635,Urna eget velit, lacinia mus iaculis.,1
42.0,high,sa,3.5276309691332877,84.64238763294834,Etiam vitae, eu et, vulputate eu diam.,1
28.0,low,sa,1.535000259633997,6.926436766024679,Nisl turpis.,1
58.0,very high,af,5.608472977715751,109.34893872479218,Nullam ullamcorper dolor.,0
38.0,neutral,sa,5.6547492054582555,12.67422644983429,Ligula enim nunc, nec proin sequi.,0
28.0,neutral,sa,4.334637795845506,94.8231032980916,Cursus ut, vitae nec vehicula.,0
41.0,low,af,4.486049197672017,-25.471495279051094,Sapiente lacus vestibulum.,1
48.0,high,af,3.062677077408064,49.830884876077306,Erat arcu, nonummy nullam, varius ac.,1
29.0,neutral,sa,2.781137416645586,58.182130264066316,Orci est sit, posuere vel.,1
50.0,high,af,0.6694362113892605,89.11525915025341,Morbi sed nec, non neque ligula.,1
41.0,high,sa,5.760244116479049,100.01237130437177,Dolor arcu, blandit ac eros.,0
37.0,neutral,sa,2.557649621459491,13.164551574442905,Pede sollicitudin et.,1
58.0,high,af,5.377639634644067,88.68196526410654,Feugiat justo.,0
89.0,low,in,4.304865484340106,-218.79305243181713,Leo diam, ut justo, eget facilisis.,0
33.0,neutral,sa,3.649112819558331,32.48446843965965,Vestibulum metus tincidunt.,0
25.0,neutral,na,4.189331438443392,93.35024389061341,Sit nunc.,0
49.0,high,af,2.548626754221832,84.5149393918859,Duis nunc.,1
43.0,high,sa,3.766186715551425,57.72457860797475,Ullamcorper fringilla laoreet, integer in elementum, integer feugiat vestibulum.,1
43.0,high,sa,5.360203098139385,97.23101719342999,Mauris magna, neque dolor.,0
57.0,low,eu,5.066410566346848,-113.24919373640985,Diam mauris.,0
31.0,neutral,sa,2.9402683728342716,26.929620412999977,Odio velit.,1
53.0,high,af,3.6754328107067535,53.59462478694094,Cursus erat, mi leo, eu dolor ligula.,1
50.0,low,af,4.999625206872006,-71.21629031526913,Etiam vulputate.,0
22.0,neutral,na,3.0051003970648336,96.10055851692876,Ligula pharetra quisque, mauris tempus.,0
27.0,neutral,na,7.773720060184267,74.86132934601984,Sollicitudin sed, sodales pharetra, auctor commodo lectus.,0
52.0,high,af,4.771753639105961,92.3171451365635,Arcu massa, rutrum semper, magna duis.,0
40.0,high,sa,1.6815736333751263,75.86499978057878,Mauris in, sit nulla.,1
38.0,neutral,sa,4.4324257701872725,23.435601555239298,Amet risus, nunc dolores, porttitor volutpat.,0
42.0,high,sa,2.510700927780993,73.56000787899906,Nulla dolor donec.,1
40.0,high,sa,5.040253148785375,146.36722844606686,Tempus massa sed, nam tincidunt curabitur, suspendisse vestibulum.,0
53.0,high,af,5.853988981699401,81.5636503980041,Amet aliquam sagittis.,0
35.0,low,af,3.1726713221165928,-33.33454264184358,Nibh imperdiet nulla.,1
59.0,low,eu,4.925843905211593,-109.40583762910737,Vehicula tempor phasellus, vivamus viverra, sapien quam.,0
61.0,very high,af,5.640909486000662,138.61777816940625,Vel fusce consectetuer, wisi vestibulum suspendisse.,0
43.0,neutral,af,3.079801172983151,45.027960034211745,Vel blandit, wisi elit.,1
60.0,high,af,5.416043060129107,66.35954409307523,Auctor vitae, nonummy lobortis amet, inceptos tristique.,0
51.0,low,af,5.179832747937369,-68.25310165083133,Quam fusce, diam viverra.,0
36.0,neutral,sa,2.0526641766402367,74.99458873759224,Mauris praesent, erat facilisis volutpat.,1
27.0,neutral,sa,1.3611000437534595,49.00811349329523,A quisque, velit mollis mollis, malesuada neque.,1
79.0,low,aus,3.7309592348362246,-147.420516583081,Feugiat purus ligula.,0
66.0,low,eu,5.172303649487484,-93.15440414903482,Lorem vitae lorem, vel vel.,0
62.0,low,eu,4.94366052948777,-78.0844864003474,Tristique pretium, wisi feugiat.,0
46.0,high,sa,5.49959510831875,68.55956889649327,Eget ridiculus, pede ut nunc, volutpat inceptos.,0
61.0,low,eu,4.836063501693235,-99.50575430427354,At maecenas mus.,0
38.0,neutral,sa,4.168636713087579,62.05887187597396,Pharetra porttitor, odio lectus consectetuer, nec condimentum morbi.,0
36.0,high,sa,4.966040454578698,156.60352597609582,Feugiat suspendisse ipsum, quisque suspendisse neque.,0
26.0,high,na,4.712119068692333,124.09369137673794,Ante nonummy ligula, mi lorem bibendum, sem molestie.,0
53.0,low,af,5.367686303296224,-69.16832870887056,Mauris imperdiet.,0
47.0,high,af,2.8911818389055775,69.03321829319012,Mauris lacus in, risus ac sodales, vel litora.,1
50.0,high,af,2.159730161065739,57.19598123164582,Ornare rutrum sodales.,1
77.0,neutral,aus,4.704284603299249,-74.67083337487777,Eu quis, erat eros, pede et a.,0
73.0,low,aus,3.030960528734349,-113.01067468024252,Arcu arcu.,0
49.0,high,af,2.4662064931580394,72.6062155393876,Massa ac, faucibus nulla.,1
42.0,high,sa,2.3365438413702564,83.8704088619843,Donec tortor lorem, tortor viverra, donec aenean.,1
71.0,very high,af,6.451504004165064,76.7238190764229,Ullamcorper id, nec integer, nam eu.,0
50.0,high,af,5.730617031414619,56.79711361426365,Aptent et cras, sem sit, consequat gravida.,0
26.0,neutral,sa,1.8911166429690125,61.77309914594669,Pulvinar ipsum, scelerisque aliquam laoreet, facere nonummy adipiscing.,1
54.0,low,eu,3.1537721342827334,-71.59863904028113,Tortor dis.,1
30.0,low,sa,3.828815516651969,-31.49535453181117,Ut augue, pretium vivamus cursus, sed ut eu.,1
69.0,low,eu,5.005447329073387,-100.13198900509748,Platea et, tincidunt eget, accumsan sodales.,0
43.0,neutral,af,3.0984967885778136,43.773844764141586,Venenatis arcu.,1
50.0,high,af,2.2889407394167236,54.70114212532644,Vivamus placerat nec.,1
54.0,low,eu,4.489546228329843,-70.96964260833187,Magna vestibulum fusce, consectetuer at.,1
31.0,neutral,sa,4.031663767802923,66.95471012816408,Condimentum consequat, proin dignissim, ornare ante sagittis.,0
62.0,low,eu,5.406104146936513,-109.14104411389046,At id, nam curabitur, arcu quis.,0
65.0,neutral,eu,5.0067071934817164,-14.737165122922228,In blandit.,0
52.0,high,af,3.3719508629876445,55.32041882161171,Id justo.,1
27.0,neutral,sa,2.3002309912421177,69.29915166015957,Ac sem mauris.,1
72.0,low,aus,4.315754155844089,-100.14829199496822,Libero donec, vitae lacinia, nec nec.,0
50.0,neutral,af,4.8638692188017885,-11.286289440869675,Vestibulum odio ultricies.,0
34.0,high,sa,5.618322909262606,104.78210350874687,Praesent massa eget, erat ultricies nunc.,0
37.0,neutral,sa,4.103710523257382,46.29225185910434,Erat aliquam, ad varius vestibulum.,1
55.0,neutral,eu,4.4586079567258885,-51.29972982809042,Nec pede nullam.,0
61.0,neutral,af,6.042163962936954,-3.24297374044823,Odio libero mauris, diam ut, cum eu tristique.,0
70.0,neutral,eu,3.925765759655004,-47.344510452280616,Neque odio id, pellentesque mattis.,0
43.0,low,af,2.9795785431966237,-83.34092348944063,Fusce scelerisque, quis risus tempus.,1
26.0,high,na,3.7988210935661093,129.59218471026634,Odio massa vestibulum.,0
37.0,neutral,sa,4.450468556542679,49.098464105709354,Euismod cras, quisque praesent eget, praesent massa ac.,1
63.0,low,eu,5.38592495845485,-92.41775922187608,Sed nascetur, etiam suspendisse posuere, quo vitae.,0
48.0,high,af,3.799036714103805,48.71547359428632,Lacus mauris sit, feugiat duis, ante molestie.,1
43.0,high,sa,5.574935556067457,86.24890947955349,Id accumsan mauris, lectus sodales ipsum.,0
44.0,high,sa,5.261792037193914,64.3289237643104,Erat nec posuere.,0
57.0,high,af,4.293271781433615,37.213561980107556,Hymenaeos felis, aliquet sed nec, elit malesuada.,1
31.0,high,sa,2.9962897273813773,104.36812614424385,Sit tincidunt donec, sagittis pulvinar egestas, viverra tellus fusce.,0
24.0,neutral,sa,2.721381887593662,26.828497419997714,Amet praesent diam, erat mi a.,1
71.0,high,eu,4.4259916479011565,32.61505641315611,Turpis nunc accumsan, venenatis sed.,0
32.0,neutral,sa,3.2783766051688676,71.38352853035802,Nam porttitor faucibus, curabitur vel massa.,1
42.0,high,sa,2.6527164011514657,72.57982457283221,Vestibulum tortor, quis erat cras.,1
47.0,neutral,af,5.500199399329666,17.711804163280405,Odio libero cras, malesuada a platea.,0
58.0,high,af,2.758949866544328,56.8281792367018,Doloremque sagittis, augue justo sagittis, porttitor sit faucibus.,1
42.0,neutral,sa,5.803092533515018,54.25318033690324,Non cras.,0
25.0,neutral,sa,2.8257310312806188,73.46915394129162,Elit lectus, proin risus, ac in fusce.,1
63.0,neutral,eu,4.88928784702687,-55.959662875934285,Vel nibh, nec donec.,0
37.0,low,af,2.60873682100528,-73.14352491869381,Scelerisque neque.,1
43.0,high,sa,5.66593300122889,125.69663055220057,Cras nisl mauris, imperdiet quam, tellus nisl pulvinar.,0
90.0,neutral,aus,4.2178796780069785,-124.61367801994659,Et sapien vehicula.,0
20.0,neutral,na,2.989157032593882,86.25322497038367,Urna wisi aliquam, quisque at.,0
69.0,low,aus,3.864531725431249,-120.81273738695539,Aenean nec at, ut sit.,0
22.0,neutral,na,1.2693040170722854,104.0720669758223,Facilisi lacinia, rutrum vestibulum magnis.,1
83.0,low,aus,4.227537000335184,-126.21617092108762,Libero nulla pede, sagittis id aliquam.,0
66.0,low,eu,5.053431587620988,-137.807106124771,Porttitor nulla.,0
80.0,very high,eu,7.973468986711086,79.51722602674418,Volutpat convallis curabitur.,0
45.0,neutral,af,4.799698624605981,35.18673726118392,Aliquam morbi.,0
45.0,low,af,5.705854741750162,-97.62313352542851,Donec erat porttitor.,1
43.0,neutral,af,5.7933831299928595,-9.835344300484401,Nunc vitae, et quis.,0
66.0,neutral,eu,3.9093427816060418,-8.188886018045078,Et sem litora, eget vestibulum.,0
48.0,neutral,af,5.173768504373389,-8.618130695154287,Risus massa, ante erat phasellus.,0
53.0,neutral,af,6.069602851819237,-6.151564045373814,Aliquam urna, sed dolor velit, nulla varius.,0
23.0,neutral,na,2.7625590201823407,88.14400291382042,Non tellus, molestie tellus integer, wisi et.,0
98.0,neutral,in,3.840698412838268,-154.12900790643354,Orci ac.,0
42.0,high,sa,5.236414872602144,125.56154052671934,Quam orci, bibendum platea, praesent amet.,0
42.0,low,af,5.320634364748155,-63.14893681826058,Faucibus enim elit, eget nunc, integer imperdiet ut.,1
41.0,neutral,sa,3.9349389626589812,45.579867745465236,Malesuada iaculis, eu torquent ut, vehicula suspendisse.,0
52.0,low,eu,4.214026006023383,-124.27493447439424,Lectus elit hymenaeos.,0
15.0,neutral,na,4.262022843118317,108.39624676772713,Interdum cupiditate.,0
49.0,low,af,5.434889689770045,-47.14414361075343,Eu arcu, mauris dis mauris.,0
57.0,low,eu,5.108957529871422,-72.55473518616928,Vitae sagittis, eleifend aliquam vestibulum.,0
34.0,high,sa,3.8523900497044403,148.00492089174043,Rutrum molestie, leo massa neque, vivamus semper luctus.,0
19.0,neutral,na,2.6351311622097215,88.63152284611616,Amet urna habitasse, mauris ac placerat.,1
47.0,high,af,5.948584516804106,56.31681993253075,Venenatis nec habitasse, et in a.,0
67.0,high,af,5.73109464205427,59.413131070949035,Nibh enim cursus, orci erat porta.,0
51.0,high,af,3.433229512915451,55.021057150405056,Etiam suspendisse vitae.,1
32.0,low,sa,3.119444709374406,1.6892704311549314,Etiam morbi.,1
32.0,neutral,sa,4.635469566336958,52.43793581474692,Ac suspendisse.,1
68.0,high,eu,5.9716917035089905,45.09490260768621,Adipiscing pellentesque, tempus consectetuer ipsum.,0
33.0,low,sa,2.675314751820891,-10.592986240581931,Molestie vitae dictum, etiam erat.,1
9.0,neutral,na,5.059782820931327,73.42895885595665,Ultricies suspendisse pulvinar, orci nec.,1
50.0,high,af,5.454960700198333,66.14174231935357,Amet et interdum.,0
30.0,neutral,sa,3.0760421416588746,74.10838444682736,Orci vitae, ipsum fringilla, fermentum vehicula.,1
67.0,neutral,eu,3.7864699144142646,-62.43950686930607,Per magna nonummy, sem blandit pellentesque, vitae fusce.,0
17.0,neutral,na,3.693584784253342,54.5340646286176,Ipsum ac, tellus libero mattis, luctus urna aenean.,1
24.0,neutral,sa,2.924097337813636,88.23539268944391,Sed auctor rhoncus, leo cursus tellus, in ac per.,1
49.0,neutral,af,5.04510529302939,39.46646421040906,Imperdiet pede nonummy, arcu urna, interdum sodales.,0
69.0,high,eu,3.679132863797322,44.79889296193453,Ut ipsum bibendum.,1
19.0,high,na,4.4092300061572125,120.09466795263054,Malesuada morbi, vitae habitasse sapien.,0
45.0,neutral,af,4.302464143095366,40.01700646119224,At neque, hendrerit a est.,1
66.0,low,eu,5.180974490517044,-113.15347411965918,Aenean vestibulum.,0
20.0,neutral,sa,3.9058826052505466,35.93457699866694,Auctor semper, leo sapien eget, eum wisi.,0
34.0,high,sa,4.034054626079644,109.37606418319592,Egestas nec.,0
42.0,high,sa,2.9436720854434424,74.4493222674932,Nulla sapien.,1
29.0,neutral,sa,4.472057011594754,55.123980174250946,Quis quis, nisl penatibus vulputate, hendrerit purus lectus.,1
100.0,neutral,in,3.873746214949657,-140.01107909825777,Nostra faucibus dolor, sodales dolorem, odio eu.,0
56.0,low,eu,4.351129530585809,-63.88107333986156,Integer ut orci, in aliquam pulvinar, massa cum.,0
59.0,neutral,af,4.133734508006704,9.585298315639761,Duis fringilla velit, montes scelerisque.,0
44.0,high,sa,2.8586611725203186,71.40627838477506,Rutrum viverra, massa nulla, donec hymenaeos.,1
37.0,neutral,af,3.2818373740506175,-5.775852503684565,Quaerat vitae id.,1
32.0,neutral,sa,4.7576738945532915,84.38437335882247,Ac leo dictum, et enim.,0
61.0,low,eu,4.453064682135652,-119.20654138725023,Dignissim neque quis, pellentesque aliquet elementum.,0
53.0,neutral,af,5.2126382238148725,32.82828853679551,Quis rhoncus, volutpat massa vel, integer vestibulum nunc.,0
48.0,neutral,af,5.208165354895183,2.263515901676933,Sociis facilisis, eget sodales massa, vel in luctus.,0
54.0,neutral,af,2.6736839078268995,-32.86064420142108,Cum pretium, ante nulla, amet elit accumsan.,1
7.0,high,a,3.4842189262387597,207.2670368424958,Viverra gravida.,0
42.0,neutral,sa,4.5412957897055675,59.1781037793577,Etiam ut, suspendisse dictum nam, nisl fringilla.,1
30.0,neutral,sa,4.382713561892431,74.57769938495308,Fermentum orci, sapien ultricies, nulla ante.,0
38.0,neutral,sa,4.031481086085547,44.23033863933128,Tempus ut, etiam non.,0
40.0,neutral,af,2.5912303860982586,13.84188074312712,Interdum lectus, quia suscipit at.,1
44.0,neutral,af,5.599175842066552,19.807654356571447,Non vitae quia, enim quisque, tellus gravida ante.,0
79.0,neutral,eu,5.58691747463765,-35.30629126018715,Fusce in.,0
64.0,very high,af,6.136837311134469,96.01409843732431,Ut dolor, integer quam accumsan.,0
49.0,high,af,1.9114053384660945,67.19020985710915,Tortor cras metus.,1
62.0,low,eu,4.467221885484195,-102.4163156650369,Nulla imperdiet eu, tempor sodales.,0
30.0,high,sa,2.2949831025464853,92.0923865902756,Nunc ipsum dolor, id in.,1
26.0,neutral,sa,3.1635195068520585,40.66756419827185,Vitae mollis urna, dis quis, donec non.,1
46.0,high,sa,5.4250092624401836,75.27052096172382,Cum a fusce, donec ligula felis, odio nunc.,0
44.0,neutral,af,4.187192599284874,-0.6342429032132957,Ullamcorper morbi eu.,0
25.0,neutral,sa,2.2912669873696996,56.412963401942676,Quam ipsum, nec nunc.,1
67.0,low,eu,5.673234823735847,-122.5132905051259,Aenean cras.,0
37.0,high,sa,5.745810679835763,101.79575537169568,Vehicula pulvinar lectus, quis purus, libero volutpat.,0
43.0,neutral,af,4.161154583451407,14.809760874266853,Tristique cras dolor, id dapibus nibh, donec vestibulum.,0
47.0,low,af,4.447717453268204,-54.018291898340095,Sed arcu, quam arcu aliquam.,1
50.0,high,af,3.433234029385153,57.15809783537982,Eget nunc, etiam metus.,1
43.0,low,af,4.126004218066514,-72.3417954956787,Diam fusce ridiculus.,0
54.0,high,af,5.505362673457682,46.91715683104364,Ut egestas, platea nunc eu.,0
54.0,neutral,af,4.365320581950848,-48.869746669337815,Mattis porttitor pellentesque, convallis convallis natoque.,1
35.0,neutral,sa,2.9108556504040584,69.73101302603742,Anim mauris vel.,1
54.0,neutral,af,4.928683887067606,12.600748116931763,Nibh wisi in, et felis, nisl at.,0
65.0,neutral,eu,5.17218821433846,-5.7190730697828105,Ut lacus, nec feugiat et, porta sem.,0
62.0,neutral,eu,4.730194532927229,-44.077413355564445,Ac ut, in a mauris.,0
28.0,high,sa,3.7879566360551378,101.29204605307784,Bibendum sit ac.,0
37.0,neutral,sa,6.010366733427606,38.85922828929843,Lorem diam velit, imperdiet dignissim velit.,1
15.0,neutral,na,3.944726410253203,94.75353777691352,Mi mattis, suspendisse enim.,0
53.0,neutral,af,4.28278827041677,5.057272074903399,Nunc molestiae.,0
60.0,neutral,af,4.87801715581271,0.28172464357328497,Dapibus est mi, phasellus tempus curabitur, aenean semper.,0
46.0,neutral,af,4.144567162836805,17.061965064478553,Proin risus, sit non, nec vitae.,0
78.0,low,aus,4.366724768273525,-138.41623796134866,Odit iaculis amet.,0
73.0,high,eu,5.44352378051262,42.7224314309082,Molestie integer metus, diam id nulla, velit dui.,0
40.0,high,sa,2.191149417605045,75.34642272287799,Donec ipsam nulla, et at lacus, ante risus.,1
46.0,low,af,5.528939700765449,-38.21628406896693,Habitant provident, maecenas fringilla.,0
57.0,high,af,1.211053662255865,78.95870639482787,Convallis mi enim, tellus adipiscing, vel dolor cras.,1
57.0,neutral,eu,4.84193827204922,-41.07396208581076,A suspendisse fermentum, ac autem.,0
51.0,low,af,5.540050076477126,-49.18414992132638,Iaculis sociosqu, aliquam dignissim lacus.,0
22.0,neutral,sa,2.28825427402081,76.26735317759105,Mi egestas dolor, est sed et.,1
57.0,high,af,4.33101464834253,50.75289689462633,Natoque mi, consectetuer vestibulum.,0
44.0,high,sa,4.850997350455346,79.16518713253666,Sed donec proin, condimentum urna.,0
37.0,high,sa,4.3534308812729785,95.03525826594594,Integer nec, in suspendisse.,0
40.0,high,sa,5.624104675258149,122.81766713049598,Quam eros amet, elit sociis odio.,0
63.0,neutral,eu,5.611187088612385,-72.9540247710884,Diam eu.,0
52.0,neutral,af,4.839647487581742,31.425313891660355,Leo in felis, mauris velit, sollicitudin justo.,0
64.0,neutral,eu,4.1544312296016965,-68.88161882540976,Ea donec consequat.,0
59.0,high,af,6.321660767581232,57.53470534707168,Pharetra cras a, mauris deserunt.,0
51.0,neutral,af,3.605386707213105,-36.16933689636804,Neque quasi fermentum.,1
46.0,high,af,4.735010856932337,53.93543691770945,Duis lacinia elit, sapien at.,0
28.0,neutral,sa,1.958215882097086,19.656729284756146,Scelerisque et morbi, nibh ex a, mus lacinia.,1
34.0,neutral,sa,2.362068194301877,39.96575835717445,Ligula elit condimentum, amet ut velit, lectus aenean justo.,1
50.0,high,af,4.960102310052465,90.52268356513648,At sapien, elit blanditiis.,0
53.0,neutral,af,4.853153361632769,28.80761084107216,Ac amet, sed ac, nunc ac.,0
32.0,neutral,sa,4.430522806969019,38.3168692472135,Sed sed tellus, vitae integer.,1
27.0,neutral,sa,4.794317425106332,45.612690011310946,Integer scelerisque accumsan, ut sed.,1
42.0,high,sa,3.7136892774851606,77.85964837432175,Turpis ipsum scelerisque, mauris in, nulla volutpat neque.,0
47.0,high,af,0.8591418558136374,73.38218030602268,Nunc arcu pede, vitae non sodales, suspendisse consequat et.,1
39.0,neutral,sa,5.697333336972851,17.901126905309194,Cubilia nullam vestibulum, ut tincidunt, suspendisse sociis.,0
76.0,very high,eu,5.834108028730351,73.29302968652284,Mauris donec, odio consequat excepteur, nulla ligula.,0
31.0,neutral,sa,3.2398609249155124,65.67915238602504,Montes in.,1
53.0,high,af,4.39347602820066,53.68299427102241,Metus morbi diam.,1
37.0,neutral,af,1.8905314637394763,15.051174382547185,Odio vivamus, tellus eget bibendum.,1
43.0,high,sa,3.100367743040822,63.100268908433165,Mi felis pede.,1
38.0,high,sa,4.664415072559137,97.44674004002667,Bibendum viverra, nibh aliquam erat.,0
71.0,low,aus,4.4791325309417465,-125.45609995733174,Bibendum consectetuer.,0
84.0,low,aus,3.3676925354254243,-144.98421260611588,Ut elementum.,0
61.0,high,af,5.028787749446207,79.19470167240341,Id nam.,0
88.0,low,in,3.436677765104794,-154.401625291237,Eleifend nulla, a mollis.,0
53.0,high,af,5.084961278555663,70.26100058410702,Nulla erat est, aliquet quam pellentesque, architecto vestibulum aenean.,0
48.0,low,af,6.840373962176087,-53.12724197807975,Eget viverra arcu, lectus mauris eros, fringilla purus sapien.,0
48.0,high,sa,6.521613027912352,95.6399595976666,Ut ante, egestas vel tincidunt.,0
76.0,neutral,eu,4.766285813982795,-45.961334457592,Et blandit.,0
39.0,neutral,sa,1.846474633437499,42.625906478061054,Elit augue, risus nulla.,1
59.0,neutral,af,4.69149341296434,12.007069637881592,Sociis venenatis, etiam vehicula magna, sunt iaculis vulputate.,0
28.0,neutral,sa,3.0285338590189697,80.81299729157251,Libero mauris, commodo consectetur, eu conubia pellentesque.,1
27.0,neutral,sa,3.5507683232821963,79.32475462626341,Diam ac magna, wisi eleifend in.,0
33.0,neutral,sa,3.128904394786786,53.59106310549852,Ratione ante.,1
53.0,low,eu,3.8934024088963035,-88.1404655890496,Mi molestie nec, quis tellus, diam odio.,1
93.0,neutral,aus,3.814605334325614,-94.5454896322773,Eget magna, et posuere nunc.,0
42.0,high,sa,2.4474177706609046,68.21990172309208,Malesuada voluptatem suspendisse, consequatur venenatis.,1
57.0,neutral,eu,4.428168575971318,-36.85926797426106,Mi sed, sapien suscipit.,0
51.0,low,af,4.971600460760711,-73.68081492348483,Elit mauris.,0
74.0,high,eu,5.576824085502885,20.913280596042426,A sed eget, amet ultrices iaculis.,0
38.0,neutral,sa,3.3936918104736464,60.7809394505494,Amet iure in.,1
63.0,low,eu,5.323698372924634,-117.7236984367731,Ipsum turpis.,0
47.0,high,af,4.62934713062561,60.479346847782736,Mi ligula maecenas, lacus amet maecenas, vel suspendisse.,0
42.0,neutral,af,3.5102595901464304,-18.618586704397277,Faucibus ut, fringilla vehicula, vivamus metus.,1
63.0,neutral,eu,5.098077625424164,-7.85285565689415,Nam volutpat, a nec est.,0
66.0,neutral,eu,3.747584541966263,-82.44784628939067,Vel ac nam.,0
36.0,high,sa,5.9547012878877705,120.20323099691625,Sit hendrerit urna.,0
35.0,high,sa,4.827451040865828,134.54519085610667,Pulvinar proin consectetuer.,0
67.0,high,eu,4.441252571441521,41.4951932639147,Faucibus fermentum.,1
68.0,very low,aus,4.071547012934991,-174.68603769322968,Arcu a in, ipsum duis.,0
50.0,high,af,3.4253586745288245,61.53926276493273,Maecenas nascetur facilisis.,0
48.0,neutral,af,4.701470009377904,-7.907305995113743,Nam imperdiet tempor.,0
42.0,neutral,af,5.656843448026596,-13.974406132528152,Non neque.,0
27.0,neutral,sa,0.7079801449171774,43.53329381416131,Turpis aenean, massa non sapien, libero eget.,1
68.0,high,af,6.295736680138516,70.80022872427948,Et lorem, egestas mus in.,0
59.0,neutral,eu,5.847655570439599,-54.859660318439936,Volutpat euismod parturient, pariatur hymenaeos, eros tincidunt.,0
51.0,high,af,2.8711060758980964,66.75864763413861,Qui in, nibh sem in, consequat penatibus semper.,1
37.0,neutral,sa,4.457317934453926,-0.34746234976848545,Urna donec venenatis.,1
42.0,high,sa,3.892634552445033,62.965061481432286,Libero ante.,1
25.0,neutral,sa,2.207329583241189,86.46036873959757,Ante ipsum, sapien auctor proin, leo nullam velit.,1
21.0,high,na,3.256827778826593,132.00824574483948,Vestibulum natoque.,0
45.0,neutral,af,5.811720624015466,-21.74157731903692,Mus urna, egestas pulvinar.,0
57.0,neutral,eu,4.405459887749961,-60.947392217183136,Justo elit, sapiente nunc sit, porttitor fringilla integer.,0
73.0,low,aus,5.633504341146665,-138.74358607028515,Diam et, maecenas et massa, magna est lorem.,0
65.0,high,eu,4.960395396424025,6.410683230821379,Iaculis pellentesque torquent.,0
34.0,low,sa,5.608224672908009,-9.929099973683176,Suscipit viverra.,0
44.0,high,sa,3.5716612724311467,67.03577857806712,Malesuada volutpat.,1
85.0,low,aus,4.539002979082421,-164.1725221135701,Felis wisi dolorum, nulla pulvinar ut, integer sapien augue.,0
41.0,low,af,2.656762631835024,-21.633292261544018,Odio sit ut, condimentum suspendisse quis, sit amet.,1
82.0,neutral,aus,4.480789752962736,-84.77796653119626,Adipiscing proin litora.,0
70.0,neutral,eu,3.971086748682263,-64.43771026554961,Amet mi, aliquam vestibulum.,0
34.0,neutral,sa,4.399086077679239,47.49082139784478,Tincidunt imperdiet, sit nisl, vel ac.,0
35.0,low,sa,6.040626782829171,-23.171615847066796,Libero ad mauris, blandit fusce massa.,0
31.0,low,sa,2.81303841614149,-21.188170131210732,Quis vitae scelerisque.,0
59.0,high,af,2.7037127158351515,61.03975061647718,Euismod quia.,1
46.0,low,af,6.346887323821611,-36.440394088713546,Urna ornare, libero et, at penatibus.,0
12.0,neutral,na,4.7650380619586405,67.75684736273062,Nec velit urna.,1
77.0,neutral,aus,5.376925140890398,-106.69915673395674,Sit vestibulum risus, quam lorem erat, ac elementum nibh.,0
73.0,neutral,eu,4.2906494391869785,-74.09436650081632,Tempor vestibulum urna, faucibus ipsum.,0
66.0,high,eu,4.179031636421029,15.484618602921499,Neque ultrices, venenatis fringilla, viverra varius.,0
45.0,neutral,af,3.90129789015068,39.241045569333195,Leo at, congue consequat orci.,0
27.0,neutral,sa,4.503034019085211,85.50737151312542,Vivamus nulla, aspernatur leo dolor.,0
45.0,neutral,af,5.001089779768213,2.5014822125720557,Et fermentum, urna tristique libero.,0
67.0,low,eu,5.370332026448002,-85.70288328177105,Facilisis lorem, dolor vestibulum dictumst, justo sodales pulvinar.,0
29.0,neutral,sa,3.03808064301959,57.63456307177654,Integer nec, integer lacus, diam magna suspendisse.,1
63.0,high,af,5.642981797698003,25.65390150883655,Lobortis ut sollicitudin, libero sed, vel quis.,0
35.0,neutral,sa,2.255569756716991,29.36121930451859,Accumsan dolor a.,1
24.0,low,sa,3.2359327202217254,5.522918127500997,Nisl nec mauris.,1
46.0,neutral,af,4.439652358909571,44.9617851424905,Semper fringilla at, sapien elit.,1
74.0,neutral,eu,4.97366429402045,-72.83500600909915,Aspernatur mauris.,0
67.0,high,eu,4.060418028207491,29.662799222313478,Tristique ligula, in ac dictum.,0
27.0,neutral,sa,3.623547323641014,38.89516277008869,Condimentum duis, ultricies a.,0
60.0,high,af,1.7256463273147506,64.49230475403692,Pretium adipiscing integer.,1
53.0,high,af,5.340264113287947,37.746458261280154,Per ipsum ad, hac neque nec, ratione bibendum.,0
50.0,low,af,4.245910720027245,-46.32588104796159,Sed sed, molestie neque, elit tortor ullamcorper.,1
37.0,neutral,sa,4.572365262062517,52.033363342714026,Velit in, justo neque.,0
60.0,low,eu,5.268688932245239,-146.188990431937,Wisi suspendisse libero, consectetuer ac, vel sem.,0
81.0,neutral,aus,3.858547540747129,-47.09285750084227,Amet eros nam, urna non.,0
44.0,high,sa,4.737087911812092,63.590935826466634,Et torquent, mauris tempore in, pharetra diam.,0
6.0,high,a,3.7523339461657783,174.26906500612577,Sapien volutpat adipiscing.,0
45.0,neutral,af,0.22920095141895258,-1.9276183063647556,Pretium dapibus odio, gravida ullamcorper, elit eros.,1
7.0,neutral,a,3.275737947346746,143.33764173482456,Eget eros, erat tincidunt.,0
69.0,high,eu,7.164610353707009,32.88651079627529,Lobortis sem placerat.,0
67.0,very low,aus,5.2782558995537725,-176.37750352090805,Sit egestas, sagittis diam, elit wisi.,0
53.0,low,eu,5.148425958251792,-120.6638464526877,Enim quis justo, diam mi pellentesque, a purus.,0
42.0,neutral,af,3.7146056019845517,-9.807677260728346,Suscipit pharetra, et tempor sit.,1
50.0,high,sa,5.941326642273905,115.74525394007917,In leo in, etiam donec in, porta mi.,0
69.0,neutral,eu,3.9288514803776913,-32.36103443121014,Vehicula enim.,0
50.0,high,af,3.19868714944721,58.63077909225095,A at, tempus nunc sed.,1
50.0,high,af,3.5321881495917435,78.53185362700509,Ipsum at, id mus elementum.,1
76.0,high,eu,3.9432493703713187,-18.440138071421263,Et in nibh, libero inceptos interdum.,0
72.0,low,aus,3.5133228845249658,-128.7634197290556,Suspendisse pellentesque potenti, bibendum porta, erat placerat eget.,0
56.0,low,eu,5.40976580249624,-103.20997528412568,Porta augue, augue nam proin, ultricies sed.,0
91.0,neutral,aus,4.443950555616882,-118.05299009966791,Odio accumsan, ac aliquet.,0
39.0,neutral,sa,3.110803203048782,68.47494658275703,Ut sed diam, quisque penatibus massa, luctus massa.,0
60.0,neutral,eu,6.783420150285218,-35.79303869120119,Nunc platea vivamus.,0
61.0,very high,af,6.0944305061472654,99.87961269099398,Laoreet magna.,0
22.0,neutral,na,4.206491092197272,110.88308111159695,Ut et, fringilla potenti feugiat, mauris metus.,0
30.0,high,sa,4.71043145200521,119.767267945126,Torquent vivamus, augue nec massa.,0
63.0,high,eu,5.233391771083391,14.352121262641955,Dolor aliquam, lacus sed.,0
62.0,neutral,eu,3.6049095932319863,-34.39490255924089,Porttitor turpis, non morbi mauris, ligula cursus.,0
49.0,neutral,af,5.633569681241997,-22.65805108136002,Justo at porttitor.,0
40.0,low,af,5.169768649811617,-41.03424939810401,Volutpat in, porttitor sit, libero non dapibus.,0
27.0,neutral,sa,4.231033317922114,42.71018298896999,Sit sem.,0
41.0,neutral,sa,4.342545246910495,51.39124318760754,Vivamus non.,1
24.0,neutral,sa,5.287078431815708,57.94053763368018,Neque vestibulum, lectus nunc erat.,1
64.0,neutral,eu,4.366187821042055,-64.51947628678097,Nulla viverra habitasse, tincidunt quis lectus, scelerisque sit ac.,0
25.0,neutral,sa,3.6111886917630804,63.12760636855661,Risus amet a, potenti ante.,0
65.0,low,eu,5.232986839507595,-95.86872282470875,Sit ac sollicitudin, neque facilisi.,0
41.0,high,sa,2.4514968814615674,72.38926557921711,Senectus commodo.,1
70.0,neutral,eu,5.785444133074922,-20.673840122304224,Suspendisse vivamus, est quam mauris.,0
60.0,high,af,3.6582731940783986,50.653374179215206,Libero nibh sed, porta ut.,1
62.0,neutral,eu,4.682567533666135,-21.916825466417478,Malesuada erat.,0
55.0,low,eu,5.121499035139328,-85.77772080261578,Quam pede quisque, aenean ut a.,0
58.0,neutral,af,4.7552829991701655,-19.86667727924914,Wisi sed tristique.,0
57.0,low,eu,4.674889676296083,-80.62339327171804,Metus enim nonummy, senectus sed.,0
79.0,neutral,aus,3.958750780588093,-83.75766817492196,At eros suspendisse, nunc feugiat donec, pellentesque sunt volutpat.,0
75.0,low,aus,3.6694572074315337,-117.76028061841741,Eros ut, etiam cras, mauris scelerisque.,0
42.0,high,sa,4.9764500514865935,108.69782635039533,Neque pellentesque felis, ut vivamus.,0
13.0,neutral,na,3.6268643393177458,78.17272952988989,Ullamcorper duis mi.,1
19.0,neutral,na,4.00424573615919,66.42377580220273,Metus quisque sapien, felis platea ipsum.,0
77.0,neutral,aus,5.00783143875135,-77.36190796719714,Cursus cillum, fermentum amet.,0
70.0,neutral,eu,6.038607646987035,-12.488612357746042,Eros at vel, est egestas, erat nulla bibendum.,0
56.0,high,af,2.895852932236613,29.752321240027527,Iaculis vitae mauris, suscipit varius lorem, imperdiet vitae.,0
50.0,high,af,5.618834133881403,44.685235698154,Id tellus erat.,0
59.0,neutral,eu,5.208187677410084,-37.198740348902234,Vulputate sed ac.,0
68.0,low,eu,4.545593524600479,-110.32883334867228,Habitant et eget.,0
54.0,high,af,5.983793684395767,97.01617628198075,Tortor nisl, magna ligula commodo, hendrerit ut etiam.,0
50.0,low,af,4.277265097247923,-71.39574496641964,Montes vestibulum curabitur.,1
57.0,low,eu,5.257484166136959,-65.15877960952513,Odio eget felis, praesent sit, amet id feugiat.,0
32.0,high,sa,4.240672124083376,107.1414361950793,Consequat suscipit.,0
57.0,high,af,5.981579834350939,31.850643271798962,Lacus mauris iaculis.,0
69.0,neutral,eu,5.675777251283565,-75.13870765709399,Venenatis urna.,0
58.0,neutral,af,5.877255452499815,18.593577220107207,Consequat nunc.,0
31.0,neutral,sa,4.176722468148031,11.137526090848914,Nunc est.,0
73.0,neutral,eu,3.6864086392772313,-55.31820897811507,Pharetra et, laoreet risus vestibulum, vitae vestibulum et.,0
12.0,neutral,na,2.909974801106287,97.8814921444857,Interdum sed, mauris lacus ullamcorper, placerat hac dignissim.,0
53.0,high,af,4.667541086750211,51.227072995058464,Enim pede tincidunt, sapien a at.,0
48.0,low,af,1.9677951800079112,-64.76094503433869,Libero porta mus, nibh est sollicitudin.,1
71.0,neutral,eu,6.0253045452796945,-15.781608544147975,Cras eu.,0
56.0,neutral,af,3.7370914885160467,-14.177370710788736,Arcu torquent sed, vestibulum vel erat.,1
62.0,low,eu,5.002388797098298,-86.15365092406972,Nunc porta, in tempor, proin taciti.,0
49.0,high,af,3.980215707975829,57.14746071600267,Quis at.,0
64.0,high,af,6.24321243971033,23.668097213237548,Viverra mus, pellentesque vehicula ut, vestibulum cum.,0
49.0,low,af,5.689087973128688,-99.74828112323596,Consequat id, mauris donec aliquam, sagittis per nec.,0
84.0,neutral,aus,3.838720067338479,-101.200436237656,Tincidunt non, orci risus, et pretium.,0
35.0,high,sa,3.695659629267034,94.17801481144598,Curabitur ac, interdum nam varius.,0
38.0,high,sa,5.198044554900276,127.02652856118854,Sociis diam risus, dignissim justo amet, mauris et risus.,0
19.0,neutral,na,3.1243483830794716,118.66882862431962,Torquent minima, sed risus dolor.,0
63.0,low,eu,5.453817177568312,-77.92590744587393,Ante mattis sed.,0
34.0,neutral,sa,4.562978087111715,55.57969019609742,Massa vehicula, praesent pede.,1
30.0,neutral,sa,4.998948360239462,66.13317653145495,Id sit.,0
73.0,neutral,aus,3.944308240543018,-91.89840449044253,Nec rutrum, vel praesent mollis.,0
27.0,neutral,sa,4.43034092836643,63.531500404726756,Donec at.,1
17.0,neutral,na,4.498538787311922,77.0800853173808,Neque id laoreet, non venenatis aliquam, vitae eros est.,1
30.0,neutral,sa,4.776228202560092,82.64830729235308,Wisi maecenas quis, sed eu, curae ullamcorper condimentum.,0
45.0,low,af,5.098933942959357,-105.80180487255151,Dolor nunc.,0
66.0,high,af,4.62081015422197,69.27002620020053,Velit nulla, vestibulum cursus, nulla a id.,0
49.0,high,af,3.979120041320032,48.55729673328669,Nulla eros.,1
36.0,neutral,sa,4.319360105315262,74.4333990061455,Ut id, nunc mi eu.,1
31.0,neutral,sa,4.680178866732321,84.55693998747088,Venenatis ipsum.,0
17.0,high,na,4.50627029556247,156.2764257731862,Lectus tristique morbi, eget ultrices.,0
24.0,neutral,sa,3.1822294100139126,44.463814627309745,Ut ultrices quam.,1
33.0,high,na,5.536477038602323,140.68943031212638,Volutpat aliquam tellus.,0
59.0,high,af,2.0586477633844114,76.77931296405741,Nonummy sit sodales, massa rhoncus congue.,1
50.0,neutral,af,2.2564164952505923,-23.271355076995565,Convallis suspendisse, quis varius rutrum.,1
56.0,high,af,0.8841380822409115,67.24937147439327,Adipiscing mauris, pellentesque iaculis, sit a.,1
49.0,high,af,5.409393261225004,77.27130050526564,Vivamus erat, risus vel lorem, lorem scelerisque.,0
20.0,neutral,na,3.528143197036252,98.31524436888374,Dolor wisi sed.,0
60.0,neutral,af,5.013807049306399,2.4998177078305597,Erat suspendisse tristique, donec sed.,0
21.0,neutral,na,3.8229955765581876,102.11729633168949,Non sed quam, laboris erat diam.,0
